UserID,Username,Email,JoinDate,TotalPlayTime,Gender,Age
1,nishasingh14,nishasingh14@gmail.com,2023-11-04,251,Female,25
2,rahulkumar70,rahulkumar70@gmail.com,2023-12-09,701,Male,23
3,ankityadav32,ankityadav32@gmail.com,2023-04-05,1708,Male,17
4,rahuljain73,rahuljain73@gmail.com,2023-02-22,1716,Male,16
5,deepakgupta59,deepakgupta59@gmail.com,2023-09-03,1409,Female,19
6,vikasgupta61,vikasgupta61@gmail.com,2023-07-02,261,Male,28
7,nishajain60,nishajain60@gmail.com,2023-02-07,676,Female,22
8,ankitkumar52,ankitkumar52@gmail.com,2023-09-20,254,Male,20
9,ankitpatel78,ankitpatel78@gmail.com,2023-09-07,1666,Male,20
10,rohanthakur38,rohanthakur38@gmail.com,2023-11-23,1316,Male,35
11,amitsingh56,amitsingh56@gmail.com,2023-07-08,1119,Male,18
12,nishasharma33,nishasharma33@gmail.com,2023-10-09,1857,Female,24
13,poojasharma95,poojasharma95@gmail.com,2023-01-25,1850,Male,25
14,rahulthakur28,rahulthakur28@gmail.com,2023-03-23,1065,Female,23
15,arjunjain64,arjunjain64@gmail.com,2023-06-09,518,Male,17
16,shivsingh63,shivsingh63@gmail.com,2023-04-25,889,Male,35
17,shivthakur26,shivthakur26@gmail.com,2023-02-03,978,Female,34
18,rohanpatel39,rohanpatel39@gmail.com,2023-02-12,1935,Female,22
19,ravigupta37,ravigupta37@gmail.com,2023-06-20,741,Male,15
20,shivpatel13,shivpatel13@gmail.com,2023-01-24,1140,Male,35
21,amitsharma30,amitsharma30@gmail.com,2023-09-04,975,Male,22
22,ravichauhan42,ravichauhan42@gmail.com,2023-02-18,800,Male,28
23,nishapatel25,nishapatel25@gmail.com,2023-11-20,1964,Female,24
24,raviverma80,raviverma80@gmail.com,2023-06-19,593,Female,25
25,ravithakur96,ravithakur96@gmail.com,2023-12-03,293,Male,19
26,nehachauhan54,nehachauhan54@gmail.com,2023-11-08,1783,Male,28
27,rahulgupta57,rahulgupta57@gmail.com,2023-05-03,1951,Male,22
28,vikaskumar61,vikaskumar61@gmail.com,2023-04-28,406,Male,19
29,poojapatel72,poojapatel72@gmail.com,2023-07-09,1128,Female,25
30,shivyadav57,shivyadav57@gmail.com,2023-11-27,947,Male,16
31,rohanthakur58,rohanthakur58@gmail.com,2023-03-12,927,Male,20
32,arjunpatel37,arjunpatel37@gmail.com,2023-04-22,746,Male,25
33,priyayadav28,priyayadav28@gmail.com,2023-12-22,1527,Male,21
34,arjunchauhan29,arjunchauhan29@gmail.com,2023-02-20,1500,Male,18
35,shivkumar92,shivkumar92@gmail.com,2023-03-18,1693,Male,20
36,deepakgupta70,deepakgupta70@gmail.com,2023-04-06,1146,Female,16
37,nehajain95,nehajain95@gmail.com,2023-07-09,1510,Male,15
38,shivpatel86,shivpatel86@gmail.com,2023-12-18,649,Male,22
39,rohangupta90,rohangupta90@gmail.com,2023-11-11,1926,Male,19
40,ravipatel79,ravipatel79@gmail.com,2023-01-08,1883,Male,20
41,nishayadav94,nishayadav94@gmail.com,2023-01-26,846,Female,20
42,deepakyadav37,deepakyadav37@gmail.com,2023-07-09,335,Male,35
43,amitkumar48,amitkumar48@gmail.com,2023-04-19,1994,Female,17
44,poojasingh28,poojasingh28@gmail.com,2023-12-11,635,Male,24
45,ravipatel94,ravipatel94@gmail.com,2023-11-16,1010,Male,21
46,raviverma38,raviverma38@gmail.com,2023-11-15,492,Male,18
47,priyapatel61,priyapatel61@gmail.com,2023-05-05,705,Male,15
48,rohansharma31,rohansharma31@gmail.com,2023-12-18,1303,Female,20
49,arjunverma10,arjunverma10@gmail.com,2023-05-24,1397,Female,16
50,ankitsingh57,ankitsingh57@gmail.com,2023-07-19,1017,Male,17
51,amityadav13,amityadav13@gmail.com,2023-06-08,483,Male,18
52,arjunthakur52,arjunthakur52@gmail.com,2023-09-16,386,Male,22
53,nishagupta41,nishagupta41@gmail.com,2023-01-28,424,Male,16
54,nishasharma15,nishasharma15@gmail.com,2023-03-21,527,Male,15
55,ankitgupta84,ankitgupta84@gmail.com,2023-11-14,1421,Female,20
56,nehayadav14,nehayadav14@gmail.com,2023-02-13,981,Male,23
57,shivsingh90,shivsingh90@gmail.com,2023-10-15,1283,Male,30
58,nehasharma48,nehasharma48@gmail.com,2023-05-18,1962,Female,23
59,nehakumar36,nehakumar36@gmail.com,2023-01-22,1676,Male,25
60,ravisharma26,ravisharma26@gmail.com,2023-02-22,1299,Female,24
61,priyagupta66,priyagupta66@gmail.com,2023-05-25,1512,Male,20
62,shivyadav29,shivyadav29@gmail.com,2023-06-04,801,Male,21
63,poojakumar24,poojakumar24@gmail.com,2023-07-06,1129,Male,20
64,raviverma45,raviverma45@gmail.com,2023-01-24,1993,Male,23
65,arjungupta47,arjungupta47@gmail.com,2023-12-09,1225,Male,19
66,ravisingh55,ravisingh55@gmail.com,2023-03-17,417,Female,37
67,priyapatel73,priyapatel73@gmail.com,2023-11-10,1923,Male,16
68,priyathakur53,priyathakur53@gmail.com,2023-11-17,1447,Male,18
69,ankitchauhan25,ankitchauhan25@gmail.com,2023-04-05,965,Male,19
70,nishajain63,nishajain63@gmail.com,2023-03-18,1794,Male,21
71,ankitkumar29,ankitkumar29@gmail.com,2023-09-01,1426,Male,23
72,rahulsharma88,rahulsharma88@gmail.com,2023-06-16,239,Male,18
73,nishasharma35,nishasharma35@gmail.com,2023-02-12,1999,Male,17
74,rahuljain22,rahuljain22@gmail.com,2023-05-08,318,Male,21
75,nishajain16,nishajain16@gmail.com,2023-04-19,361,Male,19
76,ravikumar63,ravikumar63@gmail.com,2023-02-24,1195,Male,29
77,nehagupta86,nehagupta86@gmail.com,2023-02-25,1290,Male,16
78,arjunjain73,arjunjain73@gmail.com,2023-03-05,1551,Male,24
79,poojapatel39,poojapatel39@gmail.com,2023-08-18,538,Male,22
80,ankitgupta68,ankitgupta68@gmail.com,2023-05-17,1986,Male,19
81,rahulkumar14,rahulkumar14@gmail.com,2023-10-14,633,Male,17
82,deepakgupta19,deepakgupta19@gmail.com,2023-09-25,1694,Male,16
83,poojachauhan42,poojachauhan42@gmail.com,2023-12-07,1660,Male,34
84,rohanchauhan31,rohanchauhan31@gmail.com,2023-05-13,1575,Male,16
85,amitchauhan64,amitchauhan64@gmail.com,2023-11-12,1097,Male,31
86,nehachauhan21,nehachauhan21@gmail.com,2023-09-15,447,Female,15
87,vikaschauhan21,vikaschauhan21@gmail.com,2023-04-08,331,Male,18
88,deepakgupta40,deepakgupta40@gmail.com,2023-06-01,1404,Male,18
89,deepakthakur86,deepakthakur86@gmail.com,2023-09-08,1405,Male,39
90,amitverma82,amitverma82@gmail.com,2023-04-01,345,Male,22
91,nishayadav23,nishayadav23@gmail.com,2023-12-21,320,Male,23
92,shivyadav64,shivyadav64@gmail.com,2023-04-03,264,Male,25
93,amitverma82,amitverma82@gmail.com,2023-06-03,1252,Male,16
94,shivkumar35,shivkumar35@gmail.com,2023-04-09,1570,Male,20
95,deepakkumar90,deepakkumar90@gmail.com,2023-08-07,1304,Female,18
96,priyathakur80,priyathakur80@gmail.com,2023-03-24,1369,Male,24
97,nishasingh63,nishasingh63@gmail.com,2023-10-16,697,Male,22
98,shivkumar35,shivkumar35@gmail.com,2023-08-26,1033,Male,24
99,shivpatel34,shivpatel34@gmail.com,2023-04-04,398,Female,25
100,nehapatel34,nehapatel34@gmail.com,2023-11-14,925,Male,21
101,priyagupta47,priyagupta47@gmail.com,2023-08-23 00:00:00,911,Male,21
102,rahulsingh98,rahulsingh98@gmail.com,2023-09-23 00:00:00,1257,Male,38
103,amitpatel41,amitpatel41@gmail.com,2023-03-21 00:00:00,1280,Male,16
104,nehachauhan11,nehachauhan11@gmail.com,2023-03-24 00:00:00,1312,Male,23
105,shivyadav96,shivyadav96@gmail.com,2023-09-02 00:00:00,2202,Male,22
106,ravisingh96,ravisingh96@gmail.com,2023-06-21 00:00:00,257,Male,16
107,arjunjain86,arjunjain86@gmail.com,2023-08-11 00:00:00,2910,Male,17
108,vikassingh87,vikassingh87@gmail.com,2023-08-08 00:00:00,1883,Male,15
109,vikasgupta92,vikasgupta92@gmail.com,2023-04-06 00:00:00,2183,Male,19
110,vikassharma35,vikassharma35@gmail.com,2023-02-15 00:00:00,2509,Male,18
111,ravigupta36,ravigupta36@gmail.com,2023-12-11 00:00:00,2556,Female,19
112,priyasingh25,priyasingh25@gmail.com,2023-05-26 00:00:00,2097,Male,16
113,priyagupta90,priyagupta90@gmail.com,2023-07-12 00:00:00,1882,Male,25
114,ravisharma27,ravisharma27@gmail.com,2023-10-08 00:00:00,390,Female,25
115,rohanthakur35,rohanthakur35@gmail.com,2023-01-08 00:00:00,481,Female,21
116,shivjain26,shivjain26@gmail.com,2023-08-03 00:00:00,2073,Male,23
117,arjunverma37,arjunverma37@gmail.com,2023-12-03 00:00:00,1141,Male,17
118,ankitpatel76,ankitpatel76@gmail.com,2023-09-01 00:00:00,2103,Female,24
119,nishayadav40,nishayadav40@gmail.com,2023-10-10 00:00:00,613,Male,19
120,shivverma69,shivverma69@gmail.com,2023-03-19 00:00:00,1233,Female,15
121,rahulpatel30,rahulpatel30@gmail.com,2023-10-02 00:00:00,2410,Male,25
122,rohanpatel91,rohanpatel91@gmail.com,2023-08-28 00:00:00,2966,Female,21
123,vikasgupta97,vikasgupta97@gmail.com,2023-02-20 00:00:00,912,Female,19
124,nehayadav48,nehayadav48@gmail.com,2023-12-01 00:00:00,2567,Female,23
125,arjungupta51,arjungupta51@gmail.com,2023-02-15 00:00:00,2976,Male,20
126,nishakumar60,nishakumar60@gmail.com,2023-05-18 00:00:00,319,Male,24
127,arjunpatel70,arjunpatel70@gmail.com,2023-10-14 00:00:00,2693,Female,21
128,ankityadav41,ankityadav41@gmail.com,2023-04-24 00:00:00,730,Male,16
129,amitverma95,amitverma95@gmail.com,2023-08-02 00:00:00,856,Male,24
130,nishajain25,nishajain25@gmail.com,2023-07-27 00:00:00,1376,Male,17
131,rahulchauhan39,rahulchauhan39@gmail.com,2023-06-08 00:00:00,1708,Male,30
132,amitsharma67,amitsharma67@gmail.com,2023-09-14 00:00:00,2703,Male,22
133,rohanjain42,rohanjain42@gmail.com,2023-12-14 00:00:00,2713,Female,20
134,ravichauhan79,ravichauhan79@gmail.com,2023-09-12 00:00:00,1371,Male,15
135,rahulpatel28,rahulpatel28@gmail.com,2023-03-09 00:00:00,2741,Female,24
136,amitverma20,amitverma20@gmail.com,2023-03-02 00:00:00,2985,Female,23
137,vikasverma62,vikasverma62@gmail.com,2023-10-05 00:00:00,1952,Male,24
138,vikasthakur88,vikasthakur88@gmail.com,2023-10-26 00:00:00,419,Female,17
139,ravichauhan65,ravichauhan65@gmail.com,2023-05-07 00:00:00,1576,Male,15
140,vikasgupta36,vikasgupta36@gmail.com,2023-01-03 00:00:00,2069,Male,16
141,ravithakur47,ravithakur47@gmail.com,2023-01-16 00:00:00,2354,Male,21
142,deepakjain27,deepakjain27@gmail.com,2023-08-23 00:00:00,1543,Male,20
143,rohanthakur79,rohanthakur79@gmail.com,2023-06-08 00:00:00,397,Male,25
144,ankitkumar31,ankitkumar31@gmail.com,2023-10-08 00:00:00,2186,Male,24
145,ravithakur87,ravithakur87@gmail.com,2023-06-11 00:00:00,1773,Male,15
146,priyasingh62,priyasingh62@gmail.com,2023-06-26 00:00:00,940,Male,18
147,poojakumar32,poojakumar32@gmail.com,2023-01-16 00:00:00,1246,Male,20
148,ravipatel55,ravipatel55@gmail.com,2023-01-21 00:00:00,572,Male,33
149,priyachauhan45,priyachauhan45@gmail.com,2023-03-25 00:00:00,200,Male,23
150,vikasgupta15,vikasgupta15@gmail.com,2023-09-15 00:00:00,1660,Female,20
151,priyathakur50,priyathakur50@gmail.com,2023-06-05 00:00:00,740,Male,19
152,nehagupta27,nehagupta27@gmail.com,2023-11-19 00:00:00,1865,Female,19
153,vikaspatel57,vikaspatel57@gmail.com,2023-08-19 00:00:00,2582,Male,23
154,nehaverma38,nehaverma38@gmail.com,2023-10-13 00:00:00,1353,Male,37
155,nishayadav82,nishayadav82@gmail.com,2023-04-12 00:00:00,2148,Female,22
156,vikasgupta34,vikasgupta34@gmail.com,2023-03-03 00:00:00,1320,Male,17
157,priyasharma78,priyasharma78@gmail.com,2023-02-16 00:00:00,2750,Male,20
158,vikasgupta86,vikasgupta86@gmail.com,2023-01-25 00:00:00,1375,Male,22
159,amitpatel67,amitpatel67@gmail.com,2023-11-05 00:00:00,1090,Female,18
160,poojasingh88,poojasingh88@gmail.com,2023-11-19 00:00:00,2856,Female,19
161,vikasverma85,vikasverma85@gmail.com,2023-03-12 00:00:00,810,Male,20
162,rahulpatel23,rahulpatel23@gmail.com,2023-05-25 00:00:00,1038,Male,23
163,vikasverma36,vikasverma36@gmail.com,2023-02-20 00:00:00,2437,Female,38
164,nehagupta95,nehagupta95@gmail.com,2023-10-01 00:00:00,409,Male,18
165,nehajain84,nehajain84@gmail.com,2023-09-07 00:00:00,2091,Male,38
166,nehakumar11,nehakumar11@gmail.com,2023-04-18 00:00:00,2797,Male,18
167,ravichauhan80,ravichauhan80@gmail.com,2023-10-06 00:00:00,1878,Female,19
168,ankitkumar62,ankitkumar62@gmail.com,2023-12-11 00:00:00,2849,Male,25
169,vikaschauhan17,vikaschauhan17@gmail.com,2023-08-25 00:00:00,2415,Female,25
170,rahulyadav18,rahulyadav18@gmail.com,2023-08-24 00:00:00,564,Male,16
171,nishasharma47,nishasharma47@gmail.com,2023-12-03 00:00:00,2739,Male,36
172,vikasgupta62,vikasgupta62@gmail.com,2023-11-10 00:00:00,2985,Male,23
173,amitjain30,amitjain30@gmail.com,2023-06-02 00:00:00,2386,Male,16
174,nishayadav30,nishayadav30@gmail.com,2023-04-09 00:00:00,1093,Male,20
175,deepakpatel22,deepakpatel22@gmail.com,2023-12-18 00:00:00,1380,Male,25
176,rohanyadav54,rohanyadav54@gmail.com,2023-06-21 00:00:00,2338,Female,15
177,vikasyadav22,vikasyadav22@gmail.com,2023-01-04 00:00:00,570,Male,18
178,arjunthakur74,arjunthakur74@gmail.com,2023-10-28 00:00:00,2202,Male,21
179,ankitchauhan36,ankitchauhan36@gmail.com,2023-09-18 00:00:00,1401,Male,18
180,nehayadav31,nehayadav31@gmail.com,2023-09-15 00:00:00,1590,Male,16
181,nishagupta91,nishagupta91@gmail.com,2023-05-03 00:00:00,742,Male,29
182,shivkumar38,shivkumar38@gmail.com,2023-08-16 00:00:00,1548,Male,17
183,arjunjain32,arjunjain32@gmail.com,2023-08-03 00:00:00,2772,Female,15
184,arjunyadav48,arjunyadav48@gmail.com,2023-09-16 00:00:00,577,Female,20
185,nishagupta21,nishagupta21@gmail.com,2023-03-23 00:00:00,2162,Male,21
186,rohanthakur78,rohanthakur78@gmail.com,2023-04-06 00:00:00,2159,Male,18
187,nishachauhan68,nishachauhan68@gmail.com,2023-06-16 00:00:00,1879,Female,22
188,vikasyadav35,vikasyadav35@gmail.com,2023-05-19 00:00:00,1722,Male,16
189,ankitthakur54,ankitthakur54@gmail.com,2023-09-10 00:00:00,2901,Male,23
190,deepakgupta32,deepakgupta32@gmail.com,2023-01-22 00:00:00,2837,Female,23
191,ankitjain53,ankitjain53@gmail.com,2023-12-17 00:00:00,2453,Female,20
192,nishagupta84,nishagupta84@gmail.com,2023-07-18 00:00:00,1762,Female,17
193,nehathakur84,nehathakur84@gmail.com,2023-09-11 00:00:00,967,Male,20
194,shivpatel24,shivpatel24@gmail.com,2023-05-09 00:00:00,201,Female,23
195,rohanpatel17,rohanpatel17@gmail.com,2023-07-13 00:00:00,2950,Male,30
196,nishakumar70,nishakumar70@gmail.com,2023-03-25 00:00:00,1825,Female,20
197,deepakyadav14,deepakyadav14@gmail.com,2023-02-10 00:00:00,1096,Female,16
198,nehaverma52,nehaverma52@gmail.com,2023-09-01 00:00:00,2210,Male,26
199,deepakjain91,deepakjain91@gmail.com,2023-09-10 00:00:00,2191,Male,16
200,ravichauhan97,ravichauhan97@gmail.com,2023-09-17 00:00:00,2859,Female,15
201,nehasharma43,nehasharma43@gmail.com,2023-02-28 00:00:00,2110,Male,33
202,amitthakur50,amitthakur50@gmail.com,2023-02-18 00:00:00,1102,Male,37
203,ravithakur61,ravithakur61@gmail.com,2023-02-22 00:00:00,1012,Male,24
204,raviyadav74,raviyadav74@gmail.com,2023-07-27 00:00:00,1673,Male,25
205,rahulsingh49,rahulsingh49@gmail.com,2023-10-18 00:00:00,1939,Male,15
206,nehakumar49,nehakumar49@gmail.com,2023-03-22 00:00:00,2428,Male,24
207,nishapatel49,nishapatel49@gmail.com,2023-08-11 00:00:00,1450,Male,22
208,arjunchauhan94,arjunchauhan94@gmail.com,2023-04-19 00:00:00,1699,Male,23
209,vikasjain77,vikasjain77@gmail.com,2023-05-15 00:00:00,2032,Male,19
210,deepakjain88,deepakjain88@gmail.com,2023-12-01 00:00:00,811,Male,23
211,shivsingh31,shivsingh31@gmail.com,2023-01-17 00:00:00,2021,Female,18
212,priyayadav40,priyayadav40@gmail.com,2023-06-08 00:00:00,1788,Male,15
213,amitjain73,amitjain73@gmail.com,2023-08-12 00:00:00,2210,Male,40
214,poojasharma42,poojasharma42@gmail.com,2023-01-19 00:00:00,1347,Female,16
215,amitverma55,amitverma55@gmail.com,2023-08-01 00:00:00,2638,Male,23
216,nehayadav27,nehayadav27@gmail.com,2023-08-21 00:00:00,2047,Male,23
217,ankitsingh40,ankitsingh40@gmail.com,2023-05-10 00:00:00,1566,Male,25
218,arjunsingh33,arjunsingh33@gmail.com,2023-03-16 00:00:00,877,Male,23
219,ravisingh37,ravisingh37@gmail.com,2023-05-10 00:00:00,1371,Male,19
220,vikaspatel45,vikaspatel45@gmail.com,2023-01-22 00:00:00,2029,Male,17
221,nishayadav83,nishayadav83@gmail.com,2023-04-17 00:00:00,1622,Female,17
222,nehathakur55,nehathakur55@gmail.com,2023-11-19 00:00:00,2608,Female,15
223,nishasingh62,nishasingh62@gmail.com,2023-08-20 00:00:00,409,Female,24
224,shivyadav12,shivyadav12@gmail.com,2023-05-03 00:00:00,1180,Male,30
225,arjunthakur55,arjunthakur55@gmail.com,2023-06-21 00:00:00,546,Female,22
226,rohanjain64,rohanjain64@gmail.com,2023-10-07 00:00:00,912,Female,21
227,ravijain34,ravijain34@gmail.com,2023-04-22 00:00:00,2090,Male,19
228,raviyadav21,raviyadav21@gmail.com,2023-07-04 00:00:00,2700,Male,25
229,nishathakur56,nishathakur56@gmail.com,2023-07-16 00:00:00,975,Female,20
230,poojayadav19,poojayadav19@gmail.com,2023-02-18 00:00:00,2130,Female,19
231,amityadav21,amityadav21@gmail.com,2023-11-02 00:00:00,981,Male,17
232,vikasjain64,vikasjain64@gmail.com,2023-12-26 00:00:00,2517,Female,15
233,nehaverma86,nehaverma86@gmail.com,2023-11-01 00:00:00,2089,Male,31
234,amitgupta68,amitgupta68@gmail.com,2023-05-26 00:00:00,2438,Male,17
235,priyapatel32,priyapatel32@gmail.com,2023-09-03 00:00:00,1366,Male,18
236,shivverma94,shivverma94@gmail.com,2023-12-13 00:00:00,1788,Male,21
237,vikasthakur72,vikasthakur72@gmail.com,2023-10-03 00:00:00,2410,Male,21
238,shivchauhan96,shivchauhan96@gmail.com,2023-07-19 00:00:00,318,Male,24
239,rohanchauhan95,rohanchauhan95@gmail.com,2023-05-18 00:00:00,200,Female,23
240,vikasjain72,vikasjain72@gmail.com,2023-12-01 00:00:00,2917,Male,16
241,ankitgupta99,ankitgupta99@gmail.com,2023-07-03 00:00:00,2679,Female,18
242,priyajain33,priyajain33@gmail.com,2023-11-18 00:00:00,1155,Female,24
243,poojasharma25,poojasharma25@gmail.com,2023-04-01 00:00:00,2696,Male,16
244,arjunkumar87,arjunkumar87@gmail.com,2023-04-09 00:00:00,724,Male,23
245,poojayadav70,poojayadav70@gmail.com,2023-05-08 00:00:00,1851,Female,22
246,nishaverma91,nishaverma91@gmail.com,2023-04-17 00:00:00,565,Female,20
247,nehasharma18,nehasharma18@gmail.com,2023-08-05 00:00:00,873,Male,21
248,rohankumar84,rohankumar84@gmail.com,2023-03-24 00:00:00,1381,Female,17
249,ravipatel65,ravipatel65@gmail.com,2023-10-18 00:00:00,2171,Male,16
250,ankitkumar80,ankitkumar80@gmail.com,2023-09-08 00:00:00,1216,Female,20
251,deepakpatel24,deepakpatel24@gmail.com,2023-11-07 00:00:00,1601,Male,19
252,ravisingh68,ravisingh68@gmail.com,2023-04-14 00:00:00,302,Male,20
253,deepakgupta24,deepakgupta24@gmail.com,2023-03-08 00:00:00,2552,Male,16
254,amitsingh37,amitsingh37@gmail.com,2023-11-05 00:00:00,230,Male,15
255,deepakverma31,deepakverma31@gmail.com,2023-07-01 00:00:00,1604,Male,19
256,arjunsharma79,arjunsharma79@gmail.com,2023-09-20 00:00:00,1236,Male,19
257,nishayadav96,nishayadav96@gmail.com,2023-11-02 00:00:00,659,Male,21
258,poojasingh99,poojasingh99@gmail.com,2023-11-11 00:00:00,1008,Male,17
259,arjunsharma17,arjunsharma17@gmail.com,2023-08-06 00:00:00,1648,Female,25
260,deepakchauhan89,deepakchauhan89@gmail.com,2023-12-09 00:00:00,963,Male,30
261,poojakumar71,poojakumar71@gmail.com,2023-02-04 00:00:00,2621,Male,15
262,amitverma35,amitverma35@gmail.com,2023-07-25 00:00:00,1579,Male,21
263,amitjain10,amitjain10@gmail.com,2023-04-21 00:00:00,2397,Male,15
264,rohanjain66,rohanjain66@gmail.com,2023-04-20 00:00:00,1602,Female,19
265,priyachauhan72,priyachauhan72@gmail.com,2023-11-17 00:00:00,726,Male,20
266,arjunkumar35,arjunkumar35@gmail.com,2023-09-21 00:00:00,427,Male,24
267,nishakumar87,nishakumar87@gmail.com,2023-10-18 00:00:00,1896,Male,18
268,shivgupta61,shivgupta61@gmail.com,2023-07-15 00:00:00,676,Female,21
269,rahulkumar81,rahulkumar81@gmail.com,2023-08-22 00:00:00,411,Male,17
270,rahuljain82,rahuljain82@gmail.com,2023-08-26 00:00:00,2615,Male,16
271,nishathakur80,nishathakur80@gmail.com,2023-04-08 00:00:00,1968,Female,19
272,arjunsingh42,arjunsingh42@gmail.com,2023-09-17 00:00:00,1532,Male,31
273,shivpatel20,shivpatel20@gmail.com,2023-11-27 00:00:00,1106,Male,23
274,shivchauhan81,shivchauhan81@gmail.com,2023-10-22 00:00:00,393,Male,20
275,amitthakur55,amitthakur55@gmail.com,2023-01-24 00:00:00,1754,Female,22
276,amityadav94,amityadav94@gmail.com,2023-08-10 00:00:00,2070,Male,22
277,poojasingh58,poojasingh58@gmail.com,2023-02-25 00:00:00,709,Male,16
278,nehakumar23,nehakumar23@gmail.com,2023-08-22 00:00:00,2930,Male,22
279,nehasingh47,nehasingh47@gmail.com,2023-04-12 00:00:00,2144,Male,25
280,priyathakur85,priyathakur85@gmail.com,2023-08-14 00:00:00,2051,Female,21
281,shivpatel31,shivpatel31@gmail.com,2023-10-07 00:00:00,2287,Male,18
282,nishasharma50,nishasharma50@gmail.com,2023-01-06 00:00:00,2043,Male,20
283,poojagupta48,poojagupta48@gmail.com,2023-03-02 00:00:00,900,Male,23
284,raviyadav65,raviyadav65@gmail.com,2023-09-26 00:00:00,722,Male,24
285,priyasingh25,priyasingh25@gmail.com,2023-04-14 00:00:00,811,Male,15
286,arjunthakur79,arjunthakur79@gmail.com,2023-03-26 00:00:00,431,Male,17
287,ankitkumar25,ankitkumar25@gmail.com,2023-03-22 00:00:00,371,Female,17
288,rahulchauhan49,rahulchauhan49@gmail.com,2023-11-01 00:00:00,2391,Female,16
289,ankitthakur42,ankitthakur42@gmail.com,2023-02-15 00:00:00,758,Male,19
290,deepakjain66,deepakjain66@gmail.com,2023-03-26 00:00:00,2135,Male,15
291,priyapatel26,priyapatel26@gmail.com,2023-03-05 00:00:00,2090,Male,16
292,priyaverma42,priyaverma42@gmail.com,2023-05-26 00:00:00,1050,Male,20
293,deepakjain86,deepakjain86@gmail.com,2023-02-22 00:00:00,1539,Male,24
294,ankitverma14,ankitverma14@gmail.com,2023-05-12 00:00:00,2057,Male,25
295,arjungupta60,arjungupta60@gmail.com,2023-06-21 00:00:00,2718,Male,22
296,priyayadav73,priyayadav73@gmail.com,2023-02-27 00:00:00,1893,Female,18
297,ankitchauhan27,ankitchauhan27@gmail.com,2023-03-20 00:00:00,2139,Male,20
298,rahulgupta32,rahulgupta32@gmail.com,2023-08-23 00:00:00,1531,Male,23
299,deepakkumar50,deepakkumar50@gmail.com,2023-03-19 00:00:00,1030,Male,20
300,nehachauhan83,nehachauhan83@gmail.com,2023-06-21 00:00:00,2592,Male,25
301,poojathakur29,poojathakur29@gmail.com,2023-04-14 00:00:00,917,Male,36
302,ankitchauhan51,ankitchauhan51@gmail.com,2023-06-14 00:00:00,2664,Male,25
303,amitgupta86,amitgupta86@gmail.com,2023-06-09 00:00:00,1155,Male,23
304,ravigupta87,ravigupta87@gmail.com,2023-01-25 00:00:00,936,Male,16
305,poojayadav36,poojayadav36@gmail.com,2023-05-09 00:00:00,2018,Male,21
306,poojakumar65,poojakumar65@gmail.com,2023-08-28 00:00:00,2218,Male,19
307,vikasverma91,vikasverma91@gmail.com,2023-12-10 00:00:00,1493,Female,17
308,ankitsingh91,ankitsingh91@gmail.com,2023-02-17 00:00:00,2318,Male,19
309,deepakverma69,deepakverma69@gmail.com,2023-03-09 00:00:00,2464,Male,22
310,deepaksingh53,deepaksingh53@gmail.com,2023-10-01 00:00:00,390,Male,19
311,rahulsingh88,rahulsingh88@gmail.com,2023-10-03 00:00:00,963,Female,18
312,nishasingh31,nishasingh31@gmail.com,2023-08-04 00:00:00,747,Male,20
313,raviverma48,raviverma48@gmail.com,2023-08-23 00:00:00,983,Male,25
314,priyachauhan30,priyachauhan30@gmail.com,2023-05-09 00:00:00,2240,Male,23
315,ankitpatel31,ankitpatel31@gmail.com,2023-05-26 00:00:00,1551,Male,19
316,ravisharma74,ravisharma74@gmail.com,2023-02-05 00:00:00,502,Male,16
317,priyayadav22,priyayadav22@gmail.com,2023-11-08 00:00:00,271,Male,21
318,priyapatel42,priyapatel42@gmail.com,2023-11-01 00:00:00,409,Male,36
319,rahulsharma50,rahulsharma50@gmail.com,2023-09-06 00:00:00,2978,Male,15
320,ankitjain71,ankitjain71@gmail.com,2023-12-18 00:00:00,1148,Male,17
321,nehasharma38,nehasharma38@gmail.com,2023-11-15 00:00:00,1388,Male,20
322,rohanverma84,rohanverma84@gmail.com,2023-12-10 00:00:00,253,Male,19
323,vikasverma25,vikasverma25@gmail.com,2023-08-13 00:00:00,1520,Male,15
324,rohanpatel17,rohanpatel17@gmail.com,2023-01-26 00:00:00,735,Female,16
325,rohanpatel98,rohanpatel98@gmail.com,2023-01-11 00:00:00,1840,Female,19
326,poojapatel73,poojapatel73@gmail.com,2023-02-04 00:00:00,2365,Female,21
327,vikassingh83,vikassingh83@gmail.com,2023-10-06 00:00:00,1711,Male,15
328,poojapatel47,poojapatel47@gmail.com,2023-02-28 00:00:00,2844,Male,17
329,priyajain79,priyajain79@gmail.com,2023-10-27 00:00:00,1735,Male,18
330,priyakumar59,priyakumar59@gmail.com,2023-01-24 00:00:00,2340,Male,40
331,ravipatel41,ravipatel41@gmail.com,2023-07-05 00:00:00,2112,Male,23
332,ravisingh33,ravisingh33@gmail.com,2023-11-09 00:00:00,2579,Female,31
333,arjunthakur28,arjunthakur28@gmail.com,2023-03-03 00:00:00,1810,Male,22
334,nehasingh12,nehasingh12@gmail.com,2023-11-17 00:00:00,1827,Male,23
335,vikaschauhan22,vikaschauhan22@gmail.com,2023-12-26 00:00:00,829,Male,22
336,ankitthakur97,ankitthakur97@gmail.com,2023-08-28 00:00:00,2181,Male,25
337,nishaverma50,nishaverma50@gmail.com,2023-10-07 00:00:00,803,Female,15
338,priyasingh14,priyasingh14@gmail.com,2023-01-15 00:00:00,2956,Male,18
339,ankitgupta39,ankitgupta39@gmail.com,2023-10-27 00:00:00,844,Female,18
340,vikaspatel73,vikaspatel73@gmail.com,2023-10-08 00:00:00,597,Male,23
341,priyagupta56,priyagupta56@gmail.com,2023-03-26 00:00:00,2606,Female,19
342,ankitgupta27,ankitgupta27@gmail.com,2023-06-11 00:00:00,2804,Female,15
343,deepaksharma62,deepaksharma62@gmail.com,2023-05-12 00:00:00,1388,Male,17
344,nehayadav20,nehayadav20@gmail.com,2023-05-22 00:00:00,952,Female,22
345,arjungupta46,arjungupta46@gmail.com,2023-11-26 00:00:00,1794,Male,22
346,shivjain44,shivjain44@gmail.com,2023-07-11 00:00:00,1265,Male,36
347,ravijain23,ravijain23@gmail.com,2023-06-23 00:00:00,467,Male,20
348,vikassingh14,vikassingh14@gmail.com,2023-05-04 00:00:00,1294,Male,25
349,nishajain83,nishajain83@gmail.com,2023-09-06 00:00:00,1511,Male,34
350,ravipatel43,ravipatel43@gmail.com,2023-09-05 00:00:00,2785,Male,15
351,rahulverma21,rahulverma21@gmail.com,2023-03-02 00:00:00,1550,Male,20
352,ankitthakur73,ankitthakur73@gmail.com,2023-01-13 00:00:00,1897,Male,18
353,priyagupta27,priyagupta27@gmail.com,2023-12-02 00:00:00,2889,Male,34
354,deepakgupta17,deepakgupta17@gmail.com,2023-11-10 00:00:00,1452,Male,24
355,rahulsingh49,rahulsingh49@gmail.com,2023-04-25 00:00:00,2311,Male,19
356,arjunsharma55,arjunsharma55@gmail.com,2023-10-13 00:00:00,2414,Male,15
357,nehakumar68,nehakumar68@gmail.com,2023-08-18 00:00:00,1936,Male,15
358,amitsingh85,amitsingh85@gmail.com,2023-03-20 00:00:00,1156,Female,16
359,vikasjain61,vikasjain61@gmail.com,2023-11-20 00:00:00,489,Male,18
360,nishapatel81,nishapatel81@gmail.com,2023-02-08 00:00:00,1953,Male,25
361,shivverma21,shivverma21@gmail.com,2023-08-21 00:00:00,2440,Female,15
362,vikasgupta71,vikasgupta71@gmail.com,2023-02-20 00:00:00,1266,Male,24
363,poojapatel31,poojapatel31@gmail.com,2023-04-17 00:00:00,2897,Male,16
364,rohanverma30,rohanverma30@gmail.com,2023-09-05 00:00:00,798,Male,23
365,amitsharma12,amitsharma12@gmail.com,2023-09-24 00:00:00,2443,Female,15
366,rahulverma40,rahulverma40@gmail.com,2023-11-26 00:00:00,331,Male,22
367,deepakyadav76,deepakyadav76@gmail.com,2023-07-13 00:00:00,2295,Male,24
368,poojakumar27,poojakumar27@gmail.com,2023-10-03 00:00:00,1139,Male,24
369,vikaspatel74,vikaspatel74@gmail.com,2023-01-13 00:00:00,2969,Male,24
370,vikasverma28,vikasverma28@gmail.com,2023-06-28 00:00:00,2080,Female,15
371,nehasingh87,nehasingh87@gmail.com,2023-11-23 00:00:00,1593,Male,18
372,vikassharma18,vikassharma18@gmail.com,2023-07-25 00:00:00,880,Female,25
373,rahulsharma27,rahulsharma27@gmail.com,2023-01-03 00:00:00,662,Female,17
374,rohanchauhan90,rohanchauhan90@gmail.com,2023-01-22 00:00:00,2825,Female,21
375,deepakverma43,deepakverma43@gmail.com,2023-06-04 00:00:00,1314,Male,20
376,nishagupta39,nishagupta39@gmail.com,2023-12-12 00:00:00,1302,Female,18
377,ankitkumar47,ankitkumar47@gmail.com,2023-01-28 00:00:00,910,Male,23
378,rahulverma81,rahulverma81@gmail.com,2023-05-01 00:00:00,1840,Female,22
379,rahulchauhan90,rahulchauhan90@gmail.com,2023-04-28 00:00:00,1131,Male,24
380,arjungupta20,arjungupta20@gmail.com,2023-08-19 00:00:00,333,Female,18
381,poojagupta78,poojagupta78@gmail.com,2023-01-12 00:00:00,695,Female,17
382,vikaspatel87,vikaspatel87@gmail.com,2023-10-05 00:00:00,1634,Male,21
383,vikaspatel53,vikaspatel53@gmail.com,2023-08-01 00:00:00,1888,Male,17
384,vikasjain52,vikasjain52@gmail.com,2023-06-10 00:00:00,2597,Male,16
385,amitpatel97,amitpatel97@gmail.com,2023-06-03 00:00:00,1717,Male,16
386,vikasjain89,vikasjain89@gmail.com,2023-09-10 00:00:00,2199,Male,19
387,vikaschauhan61,vikaschauhan61@gmail.com,2023-10-25 00:00:00,1741,Male,25
388,shivchauhan22,shivchauhan22@gmail.com,2023-02-25 00:00:00,2109,Male,15
389,raviverma34,raviverma34@gmail.com,2023-01-14 00:00:00,2835,Male,17
390,deepakkumar57,deepakkumar57@gmail.com,2023-08-26 00:00:00,2961,Male,16
391,ravithakur39,ravithakur39@gmail.com,2023-02-21 00:00:00,2985,Female,36
392,rahulchauhan83,rahulchauhan83@gmail.com,2023-10-11 00:00:00,620,Male,19
393,ankitpatel76,ankitpatel76@gmail.com,2023-10-09 00:00:00,2837,Male,25
394,nishapatel23,nishapatel23@gmail.com,2023-09-22 00:00:00,2365,Male,20
395,nehachauhan79,nehachauhan79@gmail.com,2023-09-03 00:00:00,1358,Male,16
396,ravithakur79,ravithakur79@gmail.com,2023-05-03 00:00:00,1716,Male,18
397,priyagupta84,priyagupta84@gmail.com,2023-07-20 00:00:00,2277,Male,21
398,priyayadav31,priyayadav31@gmail.com,2023-12-10 00:00:00,2529,Male,16
399,shivverma50,shivverma50@gmail.com,2023-11-01 00:00:00,1602,Male,22
400,poojasingh37,poojasingh37@gmail.com,2023-07-28 00:00:00,634,Female,19
401,nehasharma74,nehasharma74@gmail.com,2023-12-19 00:00:00,1225,Female,18
402,priyajain95,priyajain95@gmail.com,2023-07-04 00:00:00,1733,Male,17
403,poojakumar66,poojakumar66@gmail.com,2023-07-05 00:00:00,330,Male,22
404,deepakgupta42,deepakgupta42@gmail.com,2023-02-01 00:00:00,322,Male,25
405,priyagupta87,priyagupta87@gmail.com,2023-06-21 00:00:00,674,Male,34
406,priyasharma70,priyasharma70@gmail.com,2023-03-24 00:00:00,1898,Male,20
407,vikassharma67,vikassharma67@gmail.com,2023-08-09 00:00:00,2185,Male,23
408,arjunverma33,arjunverma33@gmail.com,2023-12-04 00:00:00,232,Male,21
409,nishathakur91,nishathakur91@gmail.com,2023-12-21 00:00:00,203,Male,21
410,ravisingh29,ravisingh29@gmail.com,2023-07-03 00:00:00,575,Female,15
411,shivkumar87,shivkumar87@gmail.com,2023-03-02 00:00:00,1965,Male,32
412,deepakgupta62,deepakgupta62@gmail.com,2023-03-22 00:00:00,347,Male,24
413,rohansharma80,rohansharma80@gmail.com,2023-05-09 00:00:00,1444,Male,24
414,nishakumar90,nishakumar90@gmail.com,2023-03-20 00:00:00,2122,Male,40
415,nehasingh92,nehasingh92@gmail.com,2023-11-21 00:00:00,1296,Male,18
416,deepakthakur73,deepakthakur73@gmail.com,2023-05-13 00:00:00,2077,Male,17
417,priyayadav98,priyayadav98@gmail.com,2023-08-28 00:00:00,758,Male,16
418,deepaksingh18,deepaksingh18@gmail.com,2023-06-26 00:00:00,2867,Male,23
419,arjunsingh52,arjunsingh52@gmail.com,2023-07-09 00:00:00,967,Male,24
420,deepakgupta71,deepakgupta71@gmail.com,2023-05-19 00:00:00,1790,Male,19
421,nishachauhan89,nishachauhan89@gmail.com,2023-09-28 00:00:00,2230,Male,17
422,amitsingh74,amitsingh74@gmail.com,2023-12-12 00:00:00,2880,Female,22
423,raviyadav47,raviyadav47@gmail.com,2023-10-02 00:00:00,2527,Male,19
424,poojasingh43,poojasingh43@gmail.com,2023-11-09 00:00:00,2444,Male,16
425,rahulsingh37,rahulsingh37@gmail.com,2023-10-01 00:00:00,2918,Female,28
426,raviyadav53,raviyadav53@gmail.com,2023-07-12 00:00:00,2074,Male,28
427,poojapatel23,poojapatel23@gmail.com,2023-06-16 00:00:00,2913,Male,21
428,shivkumar86,shivkumar86@gmail.com,2023-11-04 00:00:00,327,Male,16
429,priyajain16,priyajain16@gmail.com,2023-07-11 00:00:00,989,Male,17
430,rahulgupta44,rahulgupta44@gmail.com,2023-08-16 00:00:00,1865,Male,19
431,deepakkumar78,deepakkumar78@gmail.com,2023-04-02 00:00:00,1121,Female,16
432,rohanjain12,rohanjain12@gmail.com,2023-09-12 00:00:00,204,Female,17
433,nehachauhan25,nehachauhan25@gmail.com,2023-03-27 00:00:00,1320,Male,20
434,nehaverma57,nehaverma57@gmail.com,2023-08-06 00:00:00,1997,Female,15
435,ankitverma15,ankitverma15@gmail.com,2023-08-21 00:00:00,2204,Male,18
436,deepakverma99,deepakverma99@gmail.com,2023-04-22 00:00:00,1121,Female,17
437,nehakumar12,nehakumar12@gmail.com,2023-02-12 00:00:00,269,Female,19
438,rahulkumar71,rahulkumar71@gmail.com,2023-06-20 00:00:00,2477,Male,15
439,rohansingh73,rohansingh73@gmail.com,2023-08-17 00:00:00,664,Female,23
440,ankitpatel54,ankitpatel54@gmail.com,2023-02-25 00:00:00,284,Male,25
441,ravikumar63,ravikumar63@gmail.com,2023-07-24 00:00:00,1097,Male,18
442,deepaksingh14,deepaksingh14@gmail.com,2023-04-26 00:00:00,1628,Male,19
443,shivjain48,shivjain48@gmail.com,2023-11-07 00:00:00,1973,Female,21
444,rohansharma92,rohansharma92@gmail.com,2023-11-02 00:00:00,1309,Female,25
445,deepakverma16,deepakverma16@gmail.com,2023-01-01 00:00:00,294,Male,18
446,vikasjain64,vikasjain64@gmail.com,2023-12-26 00:00:00,1784,Female,25
447,rohanjain30,rohanjain30@gmail.com,2023-05-13 00:00:00,559,Male,16
448,shivkumar61,shivkumar61@gmail.com,2023-11-23 00:00:00,648,Female,19
449,rohanyadav84,rohanyadav84@gmail.com,2023-10-20 00:00:00,1964,Female,19
450,ankitsharma49,ankitsharma49@gmail.com,2023-05-20 00:00:00,1166,Female,37
451,raviverma36,raviverma36@gmail.com,2023-11-11 00:00:00,2443,Male,18
452,ankitgupta63,ankitgupta63@gmail.com,2023-10-04 00:00:00,2954,Female,20
453,arjunthakur72,arjunthakur72@gmail.com,2023-09-16 00:00:00,1763,Male,15
454,nishagupta29,nishagupta29@gmail.com,2023-05-19 00:00:00,473,Male,17
455,ankitverma38,ankitverma38@gmail.com,2023-10-19 00:00:00,555,Female,36
456,deepakthakur94,deepakthakur94@gmail.com,2023-11-17 00:00:00,1405,Female,25
457,rohanjain50,rohanjain50@gmail.com,2023-06-24 00:00:00,2727,Male,20
458,vikaspatel48,vikaspatel48@gmail.com,2023-02-21 00:00:00,2213,Male,15
459,arjunyadav26,arjunyadav26@gmail.com,2023-01-18 00:00:00,1748,Male,24
460,amitchauhan47,amitchauhan47@gmail.com,2023-06-09 00:00:00,386,Male,24
461,amitpatel42,amitpatel42@gmail.com,2023-04-05 00:00:00,1744,Male,22
462,amityadav91,amityadav91@gmail.com,2023-08-24 00:00:00,1177,Male,19
463,nishasharma61,nishasharma61@gmail.com,2023-09-24 00:00:00,1919,Male,18
464,ravisingh41,ravisingh41@gmail.com,2023-04-28 00:00:00,2401,Male,22
465,ravipatel94,ravipatel94@gmail.com,2023-07-08 00:00:00,305,Female,18
466,arjunsingh80,arjunsingh80@gmail.com,2023-10-14 00:00:00,2067,Female,23
467,deepakjain49,deepakjain49@gmail.com,2023-06-07 00:00:00,1719,Female,18
468,priyasharma40,priyasharma40@gmail.com,2023-11-24 00:00:00,1137,Male,30
469,arjunsharma89,arjunsharma89@gmail.com,2023-12-07 00:00:00,756,Female,17
470,nehayadav45,nehayadav45@gmail.com,2023-09-06 00:00:00,331,Male,22
471,ankityadav63,ankityadav63@gmail.com,2023-10-24 00:00:00,1716,Male,20
472,priyasingh68,priyasingh68@gmail.com,2023-10-20 00:00:00,1351,Male,18
473,amitpatel53,amitpatel53@gmail.com,2023-02-03 00:00:00,1192,Female,17
474,shivjain54,shivjain54@gmail.com,2023-07-10 00:00:00,2326,Male,21
475,priyasingh73,priyasingh73@gmail.com,2023-06-26 00:00:00,1091,Male,24
476,priyasingh32,priyasingh32@gmail.com,2023-08-17 00:00:00,2460,Male,25
477,amitjain14,amitjain14@gmail.com,2023-04-18 00:00:00,2898,Female,33
478,nishagupta72,nishagupta72@gmail.com,2023-08-28 00:00:00,201,Male,21
479,deepakchauhan34,deepakchauhan34@gmail.com,2023-08-24 00:00:00,528,Male,17
480,ankitjain28,ankitjain28@gmail.com,2023-09-27 00:00:00,2474,Male,24
481,poojapatel35,poojapatel35@gmail.com,2023-11-17 00:00:00,1317,Female,21
482,priyagupta51,priyagupta51@gmail.com,2023-02-02 00:00:00,1476,Male,19
483,shivkumar23,shivkumar23@gmail.com,2023-12-22 00:00:00,2213,Male,23
484,shivsingh35,shivsingh35@gmail.com,2023-11-26 00:00:00,2291,Male,20
485,poojaverma99,poojaverma99@gmail.com,2023-03-04 00:00:00,1900,Male,17
486,amitsingh14,amitsingh14@gmail.com,2023-06-23 00:00:00,1874,Male,21
487,rahulsingh87,rahulsingh87@gmail.com,2023-08-17 00:00:00,2418,Male,21
488,rahulkumar74,rahulkumar74@gmail.com,2023-11-12 00:00:00,849,Male,23
489,amitkumar25,amitkumar25@gmail.com,2023-08-23 00:00:00,868,Male,23
490,amitsingh83,amitsingh83@gmail.com,2023-09-11 00:00:00,2962,Male,30
491,poojachauhan74,poojachauhan74@gmail.com,2023-01-12 00:00:00,1769,Female,16
492,nehayadav53,nehayadav53@gmail.com,2023-04-03 00:00:00,325,Female,34
493,rahulkumar77,rahulkumar77@gmail.com,2023-04-21 00:00:00,1884,Female,20
494,ankitjain15,ankitjain15@gmail.com,2023-05-15 00:00:00,1210,Female,16
495,amitchauhan45,amitchauhan45@gmail.com,2023-03-21 00:00:00,797,Male,21
496,ankitkumar73,ankitkumar73@gmail.com,2023-11-22 00:00:00,2795,Male,23
497,deepaksingh52,deepaksingh52@gmail.com,2023-01-17 00:00:00,492,Male,15
498,ankitjain14,ankitjain14@gmail.com,2023-01-09 00:00:00,2294,Female,22
499,rohankumar82,rohankumar82@gmail.com,2023-07-25 00:00:00,1467,Female,18
500,amityadav82,amityadav82@gmail.com,2023-04-12 00:00:00,2992,Female,19
501,nehachauhan61,nehachauhan61@gmail.com,2023-05-07 00:00:00,2574,Female,16
502,deepakthakur74,deepakthakur74@gmail.com,2023-12-19 00:00:00,2275,Male,19
503,arjungupta36,arjungupta36@gmail.com,2023-10-18 00:00:00,2351,Male,15
504,arjunchauhan64,arjunchauhan64@gmail.com,2023-06-19 00:00:00,548,Male,23
505,ankitpatel14,ankitpatel14@gmail.com,2023-02-25 00:00:00,2136,Male,18
506,amitsharma69,amitsharma69@gmail.com,2023-01-12 00:00:00,406,Male,15
507,arjungupta72,arjungupta72@gmail.com,2023-12-19 00:00:00,623,Male,18
508,rahulkumar95,rahulkumar95@gmail.com,2023-12-27 00:00:00,2852,Male,20
509,shivgupta87,shivgupta87@gmail.com,2023-02-28 00:00:00,779,Male,34
510,shivkumar58,shivkumar58@gmail.com,2023-04-12 00:00:00,1315,Male,25
511,nishagupta62,nishagupta62@gmail.com,2023-12-02 00:00:00,865,Male,21
512,deepaksingh12,deepaksingh12@gmail.com,2023-06-19 00:00:00,2082,Male,31
513,ravipatel89,ravipatel89@gmail.com,2023-07-20 00:00:00,978,Male,18
514,nishakumar42,nishakumar42@gmail.com,2023-04-23 00:00:00,2387,Male,17
515,rohangupta17,rohangupta17@gmail.com,2023-02-15 00:00:00,2400,Female,22
516,deepaksingh74,deepaksingh74@gmail.com,2023-02-16 00:00:00,2126,Male,18
517,nishajain17,nishajain17@gmail.com,2023-04-24 00:00:00,689,Male,21
518,nishajain56,nishajain56@gmail.com,2023-05-11 00:00:00,944,Male,20
519,nishasharma52,nishasharma52@gmail.com,2023-06-05 00:00:00,647,Male,23
520,rahuljain11,rahuljain11@gmail.com,2023-10-18 00:00:00,632,Female,20
521,shivgupta59,shivgupta59@gmail.com,2023-10-23 00:00:00,428,Male,17
522,arjunsingh40,arjunsingh40@gmail.com,2023-09-15 00:00:00,473,Female,15
523,deepakgupta55,deepakgupta55@gmail.com,2023-04-23 00:00:00,1016,Male,18
524,shivkumar99,shivkumar99@gmail.com,2023-08-07 00:00:00,2121,Female,18
525,amitchauhan42,amitchauhan42@gmail.com,2023-01-15 00:00:00,2894,Male,17
526,amitsharma73,amitsharma73@gmail.com,2023-09-27 00:00:00,913,Female,18
527,poojagupta71,poojagupta71@gmail.com,2023-12-21 00:00:00,797,Female,15
528,nishapatel64,nishapatel64@gmail.com,2023-10-14 00:00:00,1698,Male,15
529,amitchauhan47,amitchauhan47@gmail.com,2023-07-14 00:00:00,973,Female,16
530,nehajain19,nehajain19@gmail.com,2023-11-22 00:00:00,331,Female,26
531,rahulsharma81,rahulsharma81@gmail.com,2023-05-03 00:00:00,1365,Male,22
532,rahulchauhan57,rahulchauhan57@gmail.com,2023-11-26 00:00:00,2196,Male,23
533,amitthakur84,amitthakur84@gmail.com,2023-04-09 00:00:00,1277,Female,19
534,ravipatel48,ravipatel48@gmail.com,2023-01-11 00:00:00,258,Male,25
535,arjunthakur18,arjunthakur18@gmail.com,2023-03-06 00:00:00,1346,Male,19
536,nishaverma75,nishaverma75@gmail.com,2023-03-03 00:00:00,2837,Male,21
537,rahulpatel88,rahulpatel88@gmail.com,2023-04-20 00:00:00,1175,Male,17
538,ankityadav69,ankityadav69@gmail.com,2023-10-18 00:00:00,247,Male,19
539,rohanthakur90,rohanthakur90@gmail.com,2023-05-01 00:00:00,2134,Male,27
540,deepakyadav56,deepakyadav56@gmail.com,2023-10-02 00:00:00,1157,Male,19
541,ankitkumar87,ankitkumar87@gmail.com,2023-12-08 00:00:00,784,Male,22
542,priyapatel27,priyapatel27@gmail.com,2023-02-18 00:00:00,1718,Female,19
543,deepaksharma57,deepaksharma57@gmail.com,2023-07-05 00:00:00,571,Female,24
544,rahulverma46,rahulverma46@gmail.com,2023-11-26 00:00:00,1200,Female,21
545,amitsingh91,amitsingh91@gmail.com,2023-10-15 00:00:00,2358,Male,23
546,priyayadav60,priyayadav60@gmail.com,2023-03-07 00:00:00,2617,Male,18
547,deepakpatel53,deepakpatel53@gmail.com,2023-08-27 00:00:00,1946,Male,19
548,rohanverma72,rohanverma72@gmail.com,2023-06-12 00:00:00,327,Male,15
549,amitjain74,amitjain74@gmail.com,2023-11-03 00:00:00,1323,Male,20
550,shivverma97,shivverma97@gmail.com,2023-07-28 00:00:00,1997,Male,16
551,priyapatel41,priyapatel41@gmail.com,2023-10-07 00:00:00,1503,Male,23
552,deepakkumar60,deepakkumar60@gmail.com,2023-09-09 00:00:00,2453,Male,23
553,amitgupta26,amitgupta26@gmail.com,2023-03-27 00:00:00,1199,Male,17
554,arjungupta51,arjungupta51@gmail.com,2023-07-28 00:00:00,1696,Male,39
555,nishagupta94,nishagupta94@gmail.com,2023-02-23 00:00:00,1263,Male,20
556,amitverma10,amitverma10@gmail.com,2023-08-02 00:00:00,2225,Male,20
557,vikaspatel93,vikaspatel93@gmail.com,2023-09-12 00:00:00,2451,Female,38
558,priyachauhan36,priyachauhan36@gmail.com,2023-05-20 00:00:00,510,Male,21
559,nehathakur53,nehathakur53@gmail.com,2023-12-16 00:00:00,2326,Male,37
560,nehachauhan42,nehachauhan42@gmail.com,2023-09-17 00:00:00,1684,Male,20
561,nehasharma92,nehasharma92@gmail.com,2023-06-07 00:00:00,761,Male,23
562,amitkumar45,amitkumar45@gmail.com,2023-04-26 00:00:00,1196,Male,25
563,rohangupta33,rohangupta33@gmail.com,2023-09-01 00:00:00,1846,Male,22
564,deepakchauhan25,deepakchauhan25@gmail.com,2023-11-14 00:00:00,434,Male,25
565,ankitverma83,ankitverma83@gmail.com,2023-05-07 00:00:00,2980,Female,22
566,vikaskumar62,vikaskumar62@gmail.com,2023-12-18 00:00:00,1475,Female,16
567,shivjain18,shivjain18@gmail.com,2023-02-01 00:00:00,2527,Male,19
568,priyasharma88,priyasharma88@gmail.com,2023-09-20 00:00:00,1840,Male,24
569,priyayadav40,priyayadav40@gmail.com,2023-02-14 00:00:00,2348,Male,37
570,rahulsingh54,rahulsingh54@gmail.com,2023-08-12 00:00:00,262,Male,31
571,priyapatel37,priyapatel37@gmail.com,2023-11-27 00:00:00,2700,Male,23
572,vikasgupta50,vikasgupta50@gmail.com,2023-05-01 00:00:00,2242,Male,21
573,ravijain63,ravijain63@gmail.com,2023-07-17 00:00:00,826,Male,21
574,vikasyadav57,vikasyadav57@gmail.com,2023-11-20 00:00:00,1102,Male,19
575,poojachauhan32,poojachauhan32@gmail.com,2023-05-11 00:00:00,950,Male,23
576,ravithakur44,ravithakur44@gmail.com,2023-07-07 00:00:00,2758,Male,20
577,shivverma25,shivverma25@gmail.com,2023-08-05 00:00:00,2961,Male,15
578,deepakgupta17,deepakgupta17@gmail.com,2023-02-16 00:00:00,1482,Female,17
579,rahulchauhan24,rahulchauhan24@gmail.com,2023-03-09 00:00:00,2959,Male,15
580,vikaskumar82,vikaskumar82@gmail.com,2023-09-26 00:00:00,2420,Male,22
581,nehakumar88,nehakumar88@gmail.com,2023-01-11 00:00:00,2051,Male,16
582,rahulsingh49,rahulsingh49@gmail.com,2023-11-23 00:00:00,290,Male,18
583,ravijain81,ravijain81@gmail.com,2023-01-22 00:00:00,1933,Male,20
584,rohanthakur39,rohanthakur39@gmail.com,2023-01-26 00:00:00,709,Male,21
585,ankitverma61,ankitverma61@gmail.com,2023-04-09 00:00:00,1070,Male,18
586,shivyadav26,shivyadav26@gmail.com,2023-12-06 00:00:00,740,Male,20
587,amitpatel14,amitpatel14@gmail.com,2023-04-27 00:00:00,401,Male,19
588,nishaverma49,nishaverma49@gmail.com,2023-07-06 00:00:00,2017,Male,24
589,ankitsingh14,ankitsingh14@gmail.com,2023-01-08 00:00:00,2819,Male,23
590,nishachauhan88,nishachauhan88@gmail.com,2023-10-16 00:00:00,715,Female,19
591,ravisingh11,ravisingh11@gmail.com,2023-12-10 00:00:00,270,Male,19
592,nehayadav45,nehayadav45@gmail.com,2023-11-26 00:00:00,322,Male,23
593,rahulthakur76,rahulthakur76@gmail.com,2023-01-16 00:00:00,1414,Female,23
594,poojajain20,poojajain20@gmail.com,2023-08-18 00:00:00,2373,Male,24
595,nehasharma95,nehasharma95@gmail.com,2023-08-06 00:00:00,985,Male,23
596,ravithakur70,ravithakur70@gmail.com,2023-01-17 00:00:00,1139,Female,17
597,ankitkumar80,ankitkumar80@gmail.com,2023-02-15 00:00:00,1670,Male,26
598,rahulgupta14,rahulgupta14@gmail.com,2023-10-13 00:00:00,464,Male,17
599,nishajain60,nishajain60@gmail.com,2023-01-23 00:00:00,707,Female,16
600,vikasjain27,vikasjain27@gmail.com,2023-01-18 00:00:00,2824,Male,22
601,shivthakur62,shivthakur62@gmail.com,2023-01-14 00:00:00,219,Male,24
602,arjunkumar28,arjunkumar28@gmail.com,2023-09-23 00:00:00,2134,Male,17
603,amitsingh98,amitsingh98@gmail.com,2023-01-14 00:00:00,288,Female,16
604,ravithakur20,ravithakur20@gmail.com,2023-04-27 00:00:00,829,Male,19
605,amitchauhan10,amitchauhan10@gmail.com,2023-11-25 00:00:00,1464,Female,25
606,arjunpatel47,arjunpatel47@gmail.com,2023-01-21 00:00:00,2143,Female,22
607,nishachauhan90,nishachauhan90@gmail.com,2023-04-02 00:00:00,2998,Male,27
608,rohanchauhan71,rohanchauhan71@gmail.com,2023-08-28 00:00:00,2907,Male,23
609,rahulthakur22,rahulthakur22@gmail.com,2023-05-01 00:00:00,1354,Male,16
610,poojasharma92,poojasharma92@gmail.com,2023-03-04 00:00:00,1478,Male,16
611,raviverma73,raviverma73@gmail.com,2023-09-04 00:00:00,648,Male,18
612,deepakverma60,deepakverma60@gmail.com,2023-11-14 00:00:00,2259,Female,19
613,nehathakur44,nehathakur44@gmail.com,2023-02-28 00:00:00,1326,Female,20
614,deepakpatel71,deepakpatel71@gmail.com,2023-04-21 00:00:00,1988,Male,24
615,nehasharma49,nehasharma49@gmail.com,2023-08-19 00:00:00,350,Male,17
616,deepakgupta81,deepakgupta81@gmail.com,2023-09-22 00:00:00,426,Male,19
617,arjunkumar40,arjunkumar40@gmail.com,2023-01-02 00:00:00,479,Male,19
618,raviverma36,raviverma36@gmail.com,2023-06-10 00:00:00,2605,Male,15
619,shivsharma91,shivsharma91@gmail.com,2023-01-14 00:00:00,1371,Male,15
620,ravisingh52,ravisingh52@gmail.com,2023-11-18 00:00:00,2308,Male,17
621,ankitthakur85,ankitthakur85@gmail.com,2023-01-21 00:00:00,232,Female,17
622,nehagupta15,nehagupta15@gmail.com,2023-05-24 00:00:00,1716,Male,15
623,ankitsharma96,ankitsharma96@gmail.com,2023-08-05 00:00:00,1016,Male,40
624,poojathakur14,poojathakur14@gmail.com,2023-09-06 00:00:00,618,Female,29
625,ankitpatel96,ankitpatel96@gmail.com,2023-10-23 00:00:00,239,Male,21
626,rohanthakur16,rohanthakur16@gmail.com,2023-03-02 00:00:00,1507,Female,21
627,ankitchauhan80,ankitchauhan80@gmail.com,2023-03-18 00:00:00,2452,Female,19
628,arjunchauhan69,arjunchauhan69@gmail.com,2023-04-15 00:00:00,868,Male,18
629,vikaskumar96,vikaskumar96@gmail.com,2023-08-03 00:00:00,1911,Male,24
630,shivgupta21,shivgupta21@gmail.com,2023-03-07 00:00:00,2860,Male,15
631,nehapatel22,nehapatel22@gmail.com,2023-02-15 00:00:00,1138,Female,17
632,vikasyadav44,vikasyadav44@gmail.com,2023-10-20 00:00:00,634,Female,37
633,ankitchauhan41,ankitchauhan41@gmail.com,2023-05-18 00:00:00,1727,Male,30
634,ankitpatel51,ankitpatel51@gmail.com,2023-05-24 00:00:00,2573,Male,15
635,poojapatel38,poojapatel38@gmail.com,2023-10-06 00:00:00,523,Male,20
636,deepakchauhan14,deepakchauhan14@gmail.com,2023-07-19 00:00:00,2380,Male,19
637,arjunthakur38,arjunthakur38@gmail.com,2023-10-15 00:00:00,1141,Female,23
638,priyakumar10,priyakumar10@gmail.com,2023-03-17 00:00:00,2597,Male,17
639,priyapatel22,priyapatel22@gmail.com,2023-05-14 00:00:00,2646,Female,24
640,rohanverma72,rohanverma72@gmail.com,2023-10-08 00:00:00,421,Male,22
641,shivverma18,shivverma18@gmail.com,2023-10-26 00:00:00,1910,Male,21
642,vikasthakur77,vikasthakur77@gmail.com,2023-03-06 00:00:00,2751,Male,18
643,poojapatel41,poojapatel41@gmail.com,2023-09-18 00:00:00,526,Male,21
644,vikasverma87,vikasverma87@gmail.com,2023-01-25 00:00:00,1047,Male,16
645,nehagupta82,nehagupta82@gmail.com,2023-07-27 00:00:00,1147,Male,17
646,amitchauhan97,amitchauhan97@gmail.com,2023-11-13 00:00:00,2417,Female,15
647,ankityadav80,ankityadav80@gmail.com,2023-10-09 00:00:00,2803,Male,25
648,shivkumar28,shivkumar28@gmail.com,2023-09-03 00:00:00,390,Female,18
649,poojayadav12,poojayadav12@gmail.com,2023-09-12 00:00:00,2208,Male,18
650,arjunverma45,arjunverma45@gmail.com,2023-04-15 00:00:00,2192,Male,22
651,priyayadav83,priyayadav83@gmail.com,2023-05-09 00:00:00,2621,Female,18
652,poojasharma14,poojasharma14@gmail.com,2023-07-03 00:00:00,1700,Male,25
653,amitverma86,amitverma86@gmail.com,2023-04-24 00:00:00,2614,Male,25
654,poojayadav88,poojayadav88@gmail.com,2023-12-23 00:00:00,2378,Male,24
655,ankitjain84,ankitjain84@gmail.com,2023-07-12 00:00:00,949,Male,16
656,ankitchauhan98,ankitchauhan98@gmail.com,2023-07-08 00:00:00,1979,Male,20
657,arjunjain92,arjunjain92@gmail.com,2023-10-22 00:00:00,1686,Female,25
658,poojaverma80,poojaverma80@gmail.com,2023-03-14 00:00:00,802,Male,25
659,nehathakur50,nehathakur50@gmail.com,2023-09-14 00:00:00,692,Male,23
660,nishajain26,nishajain26@gmail.com,2023-03-15 00:00:00,645,Male,17
661,rahulsingh25,rahulsingh25@gmail.com,2023-10-12 00:00:00,2629,Male,19
662,rahuljain39,rahuljain39@gmail.com,2023-01-03 00:00:00,2596,Male,18
663,rohanverma59,rohanverma59@gmail.com,2023-10-05 00:00:00,1526,Male,18
664,nehakumar68,nehakumar68@gmail.com,2023-08-09 00:00:00,1560,Female,18
665,amitthakur67,amitthakur67@gmail.com,2023-11-07 00:00:00,1559,Male,23
666,amitsingh74,amitsingh74@gmail.com,2023-06-06 00:00:00,2810,Male,21
667,nehayadav73,nehayadav73@gmail.com,2023-03-07 00:00:00,2621,Male,21
668,nehaverma34,nehaverma34@gmail.com,2023-01-20 00:00:00,1811,Male,18
669,arjunpatel66,arjunpatel66@gmail.com,2023-05-26 00:00:00,1713,Female,20
670,ankitchauhan19,ankitchauhan19@gmail.com,2023-04-22 00:00:00,1466,Male,24
671,ankitpatel37,ankitpatel37@gmail.com,2023-06-05 00:00:00,1101,Female,39
672,ankitsingh36,ankitsingh36@gmail.com,2023-03-13 00:00:00,280,Female,22
673,nehathakur17,nehathakur17@gmail.com,2023-03-05 00:00:00,1330,Male,24
674,rohanverma44,rohanverma44@gmail.com,2023-05-10 00:00:00,2043,Male,24
675,ankitverma58,ankitverma58@gmail.com,2023-01-23 00:00:00,508,Male,17
676,vikaschauhan84,vikaschauhan84@gmail.com,2023-03-18 00:00:00,2202,Female,21
677,rohankumar13,rohankumar13@gmail.com,2023-11-22 00:00:00,1211,Male,21
678,amitsingh49,amitsingh49@gmail.com,2023-10-05 00:00:00,1416,Male,20
679,amitsingh17,amitsingh17@gmail.com,2023-03-02 00:00:00,2199,Female,25
680,priyasingh98,priyasingh98@gmail.com,2023-06-20 00:00:00,291,Female,18
681,priyapatel13,priyapatel13@gmail.com,2023-07-14 00:00:00,2963,Male,15
682,arjunthakur80,arjunthakur80@gmail.com,2023-11-20 00:00:00,2826,Female,24
683,nehathakur62,nehathakur62@gmail.com,2023-03-04 00:00:00,418,Female,20
684,poojakumar51,poojakumar51@gmail.com,2023-10-05 00:00:00,1378,Male,17
685,ankitpatel62,ankitpatel62@gmail.com,2023-03-03 00:00:00,2802,Male,22
686,nehapatel34,nehapatel34@gmail.com,2023-08-07 00:00:00,1362,Male,18
687,amitkumar89,amitkumar89@gmail.com,2023-06-21 00:00:00,1081,Male,22
688,amitpatel49,amitpatel49@gmail.com,2023-04-20 00:00:00,744,Male,25
689,vikaspatel27,vikaspatel27@gmail.com,2023-06-17 00:00:00,765,Male,15
690,nehasingh77,nehasingh77@gmail.com,2023-03-16 00:00:00,2000,Male,20
691,rahulgupta72,rahulgupta72@gmail.com,2023-02-13 00:00:00,1478,Female,18
692,nishakumar21,nishakumar21@gmail.com,2023-08-05 00:00:00,2075,Female,17
693,ravijain68,ravijain68@gmail.com,2023-07-28 00:00:00,2440,Male,23
694,raviverma21,raviverma21@gmail.com,2023-01-21 00:00:00,200,Male,17
695,nehakumar11,nehakumar11@gmail.com,2023-11-02 00:00:00,1911,Male,20
696,nehagupta42,nehagupta42@gmail.com,2023-06-22 00:00:00,562,Male,17
697,poojayadav81,poojayadav81@gmail.com,2023-09-28 00:00:00,1763,Male,17
698,nishaverma58,nishaverma58@gmail.com,2023-10-23 00:00:00,1472,Male,39
699,deepakchauhan51,deepakchauhan51@gmail.com,2023-04-22 00:00:00,2269,Female,19
700,arjunkumar74,arjunkumar74@gmail.com,2023-12-17 00:00:00,424,Male,15
701,arjungupta59,arjungupta59@gmail.com,2023-05-19 00:00:00,2126,Male,24
702,rohanchauhan87,rohanchauhan87@gmail.com,2023-09-26 00:00:00,453,Male,34
703,priyaverma47,priyaverma47@gmail.com,2023-09-12 00:00:00,2022,Female,16
704,deepakjain42,deepakjain42@gmail.com,2023-02-01 00:00:00,305,Male,19
705,nishachauhan28,nishachauhan28@gmail.com,2023-06-05 00:00:00,1848,Female,24
706,vikassingh64,vikassingh64@gmail.com,2023-01-20 00:00:00,902,Male,15
707,rahulverma95,rahulverma95@gmail.com,2023-09-07 00:00:00,1351,Male,22
708,arjunkumar31,arjunkumar31@gmail.com,2023-07-01 00:00:00,2518,Male,24
709,nehagupta77,nehagupta77@gmail.com,2023-09-18 00:00:00,1990,Male,22
710,ankitgupta64,ankitgupta64@gmail.com,2023-06-02 00:00:00,1108,Male,19
711,poojajain73,poojajain73@gmail.com,2023-01-20 00:00:00,2822,Male,15
712,ravikumar82,ravikumar82@gmail.com,2023-10-20 00:00:00,1584,Male,20
713,rahulverma10,rahulverma10@gmail.com,2023-10-07 00:00:00,1027,Male,17
714,amitkumar98,amitkumar98@gmail.com,2023-10-18 00:00:00,2514,Female,17
715,rahulchauhan79,rahulchauhan79@gmail.com,2023-06-26 00:00:00,1666,Male,19
716,ankitkumar28,ankitkumar28@gmail.com,2023-12-01 00:00:00,1383,Male,20
717,rohanyadav73,rohanyadav73@gmail.com,2023-10-19 00:00:00,818,Male,20
718,nishaverma58,nishaverma58@gmail.com,2023-10-20 00:00:00,2322,Male,34
719,ankitchauhan27,ankitchauhan27@gmail.com,2023-12-01 00:00:00,2198,Male,21
720,arjungupta88,arjungupta88@gmail.com,2023-08-01 00:00:00,2733,Male,21
721,nehaverma23,nehaverma23@gmail.com,2023-08-09 00:00:00,1861,Female,23
722,raviverma92,raviverma92@gmail.com,2023-11-03 00:00:00,2887,Male,15
723,deepakkumar15,deepakkumar15@gmail.com,2023-09-12 00:00:00,419,Male,19
724,amitpatel96,amitpatel96@gmail.com,2023-12-16 00:00:00,2764,Female,25
725,priyapatel74,priyapatel74@gmail.com,2023-12-28 00:00:00,2265,Male,20
726,deepakchauhan65,deepakchauhan65@gmail.com,2023-06-23 00:00:00,921,Female,19
727,rahulsharma20,rahulsharma20@gmail.com,2023-07-09 00:00:00,687,Male,24
728,poojaverma90,poojaverma90@gmail.com,2023-07-27 00:00:00,2969,Male,24
729,ankitpatel61,ankitpatel61@gmail.com,2023-07-15 00:00:00,2126,Female,21
730,amityadav67,amityadav67@gmail.com,2023-09-04 00:00:00,2988,Male,17
731,deepakgupta37,deepakgupta37@gmail.com,2023-12-14 00:00:00,2608,Female,21
732,poojasingh23,poojasingh23@gmail.com,2023-09-24 00:00:00,1405,Male,16
733,vikasverma77,vikasverma77@gmail.com,2023-05-22 00:00:00,1285,Male,25
734,ravithakur61,ravithakur61@gmail.com,2023-09-10 00:00:00,2213,Male,20
735,nishayadav85,nishayadav85@gmail.com,2023-10-03 00:00:00,2997,Male,17
736,vikasgupta43,vikasgupta43@gmail.com,2023-05-07 00:00:00,946,Male,17
737,nishaverma24,nishaverma24@gmail.com,2023-03-26 00:00:00,2012,Male,24
738,ankitkumar53,ankitkumar53@gmail.com,2023-11-04 00:00:00,733,Male,21
739,vikaschauhan28,vikaschauhan28@gmail.com,2023-02-06 00:00:00,2191,Female,25
740,rahulsharma46,rahulsharma46@gmail.com,2023-01-04 00:00:00,440,Male,21
741,rohanpatel84,rohanpatel84@gmail.com,2023-02-15 00:00:00,2611,Male,16
742,ankitverma16,ankitverma16@gmail.com,2023-03-19 00:00:00,2859,Male,21
743,rohanjain50,rohanjain50@gmail.com,2023-04-24 00:00:00,2926,Male,20
744,deepakchauhan18,deepakchauhan18@gmail.com,2023-12-14 00:00:00,423,Male,24
745,shivsharma58,shivsharma58@gmail.com,2023-03-14 00:00:00,669,Male,25
746,vikaspatel31,vikaspatel31@gmail.com,2023-03-23 00:00:00,856,Male,25
747,arjunyadav23,arjunyadav23@gmail.com,2023-11-07 00:00:00,2986,Male,22
748,ankitthakur87,ankitthakur87@gmail.com,2023-10-26 00:00:00,2524,Male,24
749,arjunyadav11,arjunyadav11@gmail.com,2023-10-06 00:00:00,1726,Female,22
750,nishayadav31,nishayadav31@gmail.com,2023-11-24 00:00:00,1378,Male,25
751,rahulpatel11,rahulpatel11@gmail.com,2023-04-08 00:00:00,2858,Male,23
752,shivpatel59,shivpatel59@gmail.com,2023-08-08 00:00:00,2503,Female,17
753,priyagupta13,priyagupta13@gmail.com,2023-10-12 00:00:00,226,Male,18
754,nishasingh22,nishasingh22@gmail.com,2023-12-22 00:00:00,784,Male,17
755,rohanpatel69,rohanpatel69@gmail.com,2023-08-25 00:00:00,1315,Male,15
756,poojaverma75,poojaverma75@gmail.com,2023-06-18 00:00:00,758,Female,16
757,ravisingh69,ravisingh69@gmail.com,2023-11-03 00:00:00,1514,Male,21
758,shivchauhan92,shivchauhan92@gmail.com,2023-12-24 00:00:00,2609,Male,37
759,nishayadav10,nishayadav10@gmail.com,2023-09-11 00:00:00,2568,Female,21
760,rahuljain21,rahuljain21@gmail.com,2023-10-12 00:00:00,384,Male,19
761,poojajain64,poojajain64@gmail.com,2023-01-11 00:00:00,1184,Male,15
762,poojajain86,poojajain86@gmail.com,2023-09-09 00:00:00,2379,Male,15
763,deepakthakur64,deepakthakur64@gmail.com,2023-02-22 00:00:00,606,Male,23
764,vikasthakur43,vikasthakur43@gmail.com,2023-01-18 00:00:00,1321,Female,25
765,deepakyadav51,deepakyadav51@gmail.com,2023-02-18 00:00:00,2590,Female,25
766,rohansingh53,rohansingh53@gmail.com,2023-06-14 00:00:00,2512,Male,17
767,nishasharma22,nishasharma22@gmail.com,2023-03-25 00:00:00,1779,Male,23
768,shivpatel20,shivpatel20@gmail.com,2023-02-06 00:00:00,825,Male,25
769,shivsingh33,shivsingh33@gmail.com,2023-07-01 00:00:00,1406,Female,23
770,poojayadav50,poojayadav50@gmail.com,2023-08-21 00:00:00,2758,Female,25
771,shivpatel52,shivpatel52@gmail.com,2023-01-25 00:00:00,961,Male,17
772,rohansharma35,rohansharma35@gmail.com,2023-11-12 00:00:00,2263,Female,18
773,arjunpatel67,arjunpatel67@gmail.com,2023-12-14 00:00:00,2523,Female,19
774,nishasingh14,nishasingh14@gmail.com,2023-08-14 00:00:00,2012,Male,21
775,ravigupta99,ravigupta99@gmail.com,2023-01-23 00:00:00,2102,Male,23
776,arjunsingh64,arjunsingh64@gmail.com,2023-10-28 00:00:00,388,Female,35
777,shivsingh44,shivsingh44@gmail.com,2023-07-28 00:00:00,625,Male,18
778,rohanthakur35,rohanthakur35@gmail.com,2023-06-15 00:00:00,2350,Male,23
779,deepaksingh46,deepaksingh46@gmail.com,2023-09-09 00:00:00,1635,Male,15
780,vikasverma77,vikasverma77@gmail.com,2023-04-25 00:00:00,986,Male,25
781,nehasharma70,nehasharma70@gmail.com,2023-10-08 00:00:00,1498,Female,23
782,raviverma11,raviverma11@gmail.com,2023-01-28 00:00:00,503,Male,21
783,vikaspatel87,vikaspatel87@gmail.com,2023-12-17 00:00:00,1156,Male,15
784,deepakchauhan84,deepakchauhan84@gmail.com,2023-05-13 00:00:00,2669,Male,15
785,poojayadav94,poojayadav94@gmail.com,2023-01-15 00:00:00,1899,Male,18
786,deepakgupta25,deepakgupta25@gmail.com,2023-03-06 00:00:00,859,Male,20
787,vikasthakur49,vikasthakur49@gmail.com,2023-03-04 00:00:00,554,Female,18
788,nehasharma80,nehasharma80@gmail.com,2023-05-18 00:00:00,1241,Male,15
789,ankitthakur20,ankitthakur20@gmail.com,2023-05-18 00:00:00,2795,Male,18
790,priyajain85,priyajain85@gmail.com,2023-03-07 00:00:00,445,Female,19
791,ravijain27,ravijain27@gmail.com,2023-03-16 00:00:00,748,Female,20
792,nehaverma31,nehaverma31@gmail.com,2023-02-16 00:00:00,2159,Male,20
793,deepakgupta13,deepakgupta13@gmail.com,2023-01-11 00:00:00,1384,Male,15
794,priyagupta27,priyagupta27@gmail.com,2023-10-16 00:00:00,2659,Male,35
795,ankitthakur13,ankitthakur13@gmail.com,2023-12-16 00:00:00,1124,Male,18
796,priyapatel36,priyapatel36@gmail.com,2023-11-27 00:00:00,1765,Male,18
797,shivthakur24,shivthakur24@gmail.com,2023-03-09 00:00:00,2364,Male,21
798,priyakumar68,priyakumar68@gmail.com,2023-02-28 00:00:00,505,Male,38
799,nishayadav65,nishayadav65@gmail.com,2023-04-05 00:00:00,1540,Male,36
800,nishachauhan24,nishachauhan24@gmail.com,2023-12-07 00:00:00,290,Male,24
801,rohansingh88,rohansingh88@gmail.com,2023-05-03 00:00:00,1203,Male,23
802,priyathakur71,priyathakur71@gmail.com,2023-03-11 00:00:00,2181,Male,16
803,amitpatel31,amitpatel31@gmail.com,2023-07-11 00:00:00,2493,Male,20
804,rohankumar16,rohankumar16@gmail.com,2023-06-13 00:00:00,2668,Male,21
805,ankityadav33,ankityadav33@gmail.com,2023-06-11 00:00:00,246,Male,16
806,poojasingh57,poojasingh57@gmail.com,2023-10-25 00:00:00,2277,Female,15
807,poojajain27,poojajain27@gmail.com,2023-09-09 00:00:00,1418,Female,24
808,amitkumar89,amitkumar89@gmail.com,2023-01-09 00:00:00,1013,Male,15
809,raviverma18,raviverma18@gmail.com,2023-02-21 00:00:00,1946,Male,19
810,amityadav92,amityadav92@gmail.com,2023-12-25 00:00:00,1844,Male,23
811,nehagupta63,nehagupta63@gmail.com,2023-11-23 00:00:00,1732,Male,15
812,priyajain92,priyajain92@gmail.com,2023-10-27 00:00:00,274,Female,19
813,deepakyadav83,deepakyadav83@gmail.com,2023-11-20 00:00:00,1051,Male,19
814,priyasharma85,priyasharma85@gmail.com,2023-08-12 00:00:00,2733,Male,23
815,poojathakur89,poojathakur89@gmail.com,2023-03-23 00:00:00,2896,Male,33
816,deepakverma33,deepakverma33@gmail.com,2023-06-24 00:00:00,2659,Male,15
817,nehapatel42,nehapatel42@gmail.com,2023-01-02 00:00:00,382,Female,22
818,rohanthakur79,rohanthakur79@gmail.com,2023-03-22 00:00:00,1885,Male,15
819,deepakpatel44,deepakpatel44@gmail.com,2023-07-23 00:00:00,1014,Male,15
820,arjunyadav28,arjunyadav28@gmail.com,2023-07-10 00:00:00,310,Male,23
821,vikasverma88,vikasverma88@gmail.com,2023-01-10 00:00:00,2449,Male,24
822,rohansingh21,rohansingh21@gmail.com,2023-05-08 00:00:00,302,Female,20
823,nishakumar67,nishakumar67@gmail.com,2023-06-11 00:00:00,1796,Male,15
824,poojaverma15,poojaverma15@gmail.com,2023-02-11 00:00:00,2320,Female,19
825,arjunpatel10,arjunpatel10@gmail.com,2023-01-17 00:00:00,1080,Male,21
826,amitgupta28,amitgupta28@gmail.com,2023-07-24 00:00:00,1227,Female,21
827,raviverma75,raviverma75@gmail.com,2023-07-22 00:00:00,2055,Female,22
828,nehagupta21,nehagupta21@gmail.com,2023-02-19 00:00:00,915,Male,22
829,nehasingh31,nehasingh31@gmail.com,2023-09-21 00:00:00,223,Male,25
830,priyachauhan83,priyachauhan83@gmail.com,2023-05-13 00:00:00,612,Male,16
831,nehayadav20,nehayadav20@gmail.com,2023-07-11 00:00:00,2482,Female,21
832,amitsharma94,amitsharma94@gmail.com,2023-04-10 00:00:00,2753,Male,21
833,arjunyadav75,arjunyadav75@gmail.com,2023-06-20 00:00:00,611,Male,23
834,vikasjain89,vikasjain89@gmail.com,2023-02-22 00:00:00,1934,Male,17
835,rahulsharma73,rahulsharma73@gmail.com,2023-07-02 00:00:00,2830,Male,15
836,rohanchauhan22,rohanchauhan22@gmail.com,2023-11-12 00:00:00,2078,Male,18
837,deepakgupta53,deepakgupta53@gmail.com,2023-10-24 00:00:00,1767,Female,24
838,ravijain62,ravijain62@gmail.com,2023-05-04 00:00:00,1889,Male,25
839,amitjain78,amitjain78@gmail.com,2023-01-08 00:00:00,1656,Male,25
840,rohanyadav90,rohanyadav90@gmail.com,2023-04-07 00:00:00,2125,Female,16
841,rahulchauhan30,rahulchauhan30@gmail.com,2023-04-05 00:00:00,2273,Female,19
842,nehagupta82,nehagupta82@gmail.com,2023-07-14 00:00:00,1361,Male,15
843,nehajain13,nehajain13@gmail.com,2023-08-11 00:00:00,2513,Female,17
844,vikasverma84,vikasverma84@gmail.com,2023-02-17 00:00:00,2400,Female,17
845,ankitchauhan26,ankitchauhan26@gmail.com,2023-08-18 00:00:00,1141,Male,16
846,rahulsingh90,rahulsingh90@gmail.com,2023-03-17 00:00:00,1662,Male,23
847,nehathakur15,nehathakur15@gmail.com,2023-10-06 00:00:00,1575,Male,22
848,priyachauhan37,priyachauhan37@gmail.com,2023-08-16 00:00:00,2513,Male,21
849,rohankumar31,rohankumar31@gmail.com,2023-02-28 00:00:00,2479,Female,23
850,poojakumar21,poojakumar21@gmail.com,2023-01-24 00:00:00,1660,Male,19
851,poojajain86,poojajain86@gmail.com,2023-02-22 00:00:00,534,Female,19
852,vikasjain41,vikasjain41@gmail.com,2023-03-13 00:00:00,620,Male,22
853,nehagupta60,nehagupta60@gmail.com,2023-11-09 00:00:00,2222,Male,22
854,priyakumar66,priyakumar66@gmail.com,2023-11-21 00:00:00,732,Female,21
855,raviyadav93,raviyadav93@gmail.com,2023-03-19 00:00:00,878,Male,25
856,nehathakur27,nehathakur27@gmail.com,2023-09-05 00:00:00,1582,Male,26
857,ravichauhan91,ravichauhan91@gmail.com,2023-11-21 00:00:00,1075,Female,16
858,priyathakur63,priyathakur63@gmail.com,2023-03-09 00:00:00,1190,Male,23
859,rahulverma23,rahulverma23@gmail.com,2023-02-18 00:00:00,1788,Male,16
860,arjunjain55,arjunjain55@gmail.com,2023-12-25 00:00:00,1588,Male,20
861,nehaverma84,nehaverma84@gmail.com,2023-05-14 00:00:00,458,Male,29
862,poojayadav89,poojayadav89@gmail.com,2023-09-09 00:00:00,2110,Male,20
863,shivsharma77,shivsharma77@gmail.com,2023-05-15 00:00:00,2603,Male,19
864,raviverma42,raviverma42@gmail.com,2023-07-21 00:00:00,1542,Female,22
865,nehathakur63,nehathakur63@gmail.com,2023-07-10 00:00:00,1133,Male,15
866,rahulkumar41,rahulkumar41@gmail.com,2023-08-09 00:00:00,2034,Male,16
867,ravichauhan94,ravichauhan94@gmail.com,2023-02-04 00:00:00,1314,Male,35
868,ankityadav64,ankityadav64@gmail.com,2023-09-03 00:00:00,2966,Male,19
869,amitverma30,amitverma30@gmail.com,2023-10-22 00:00:00,1794,Male,20
870,rohanyadav65,rohanyadav65@gmail.com,2023-03-11 00:00:00,2178,Male,21
871,deepakyadav45,deepakyadav45@gmail.com,2023-01-04 00:00:00,1055,Male,17
872,shivsingh50,shivsingh50@gmail.com,2023-05-12 00:00:00,203,Female,33
873,poojakumar87,poojakumar87@gmail.com,2023-08-14 00:00:00,1837,Female,19
874,poojagupta38,poojagupta38@gmail.com,2023-01-25 00:00:00,2660,Male,26
875,rahulthakur27,rahulthakur27@gmail.com,2023-12-01 00:00:00,2670,Male,24
876,nishakumar98,nishakumar98@gmail.com,2023-01-27 00:00:00,1341,Male,23
877,rohanchauhan72,rohanchauhan72@gmail.com,2023-05-03 00:00:00,2167,Male,16
878,deepakverma28,deepakverma28@gmail.com,2023-02-05 00:00:00,2660,Male,19
879,rohanthakur53,rohanthakur53@gmail.com,2023-08-06 00:00:00,703,Female,25
880,nishajain98,nishajain98@gmail.com,2023-02-01 00:00:00,2998,Female,22
881,shivthakur33,shivthakur33@gmail.com,2023-06-07 00:00:00,305,Female,18
882,rahulsingh97,rahulsingh97@gmail.com,2023-06-17 00:00:00,787,Male,19
883,ravisingh71,ravisingh71@gmail.com,2023-05-25 00:00:00,545,Female,23
884,ankitgupta89,ankitgupta89@gmail.com,2023-04-28 00:00:00,751,Female,17
885,priyapatel60,priyapatel60@gmail.com,2023-05-28 00:00:00,1640,Male,16
886,ankitgupta99,ankitgupta99@gmail.com,2023-12-22 00:00:00,1299,Male,19
887,arjunsharma90,arjunsharma90@gmail.com,2023-04-10 00:00:00,900,Male,18
888,ankitpatel93,ankitpatel93@gmail.com,2023-12-28 00:00:00,498,Male,22
889,poojasingh76,poojasingh76@gmail.com,2023-02-06 00:00:00,2955,Male,19
890,rohanverma62,rohanverma62@gmail.com,2023-02-08 00:00:00,2074,Female,30
891,poojagupta43,poojagupta43@gmail.com,2023-12-13 00:00:00,912,Male,17
892,arjunchauhan72,arjunchauhan72@gmail.com,2023-07-26 00:00:00,1161,Male,28
893,nishayadav82,nishayadav82@gmail.com,2023-05-26 00:00:00,2637,Male,25
894,ankityadav95,ankityadav95@gmail.com,2023-10-19 00:00:00,577,Female,17
895,deepakjain65,deepakjain65@gmail.com,2023-02-10 00:00:00,2784,Female,25
896,vikaschauhan21,vikaschauhan21@gmail.com,2023-12-27 00:00:00,1085,Female,25
897,ravikumar94,ravikumar94@gmail.com,2023-06-22 00:00:00,806,Male,19
898,nishathakur22,nishathakur22@gmail.com,2023-12-24 00:00:00,406,Male,21
899,nishasingh84,nishasingh84@gmail.com,2023-09-02 00:00:00,720,Male,16
900,nehayadav80,nehayadav80@gmail.com,2023-08-21 00:00:00,2487,Male,18
901,shivjain61,shivjain61@gmail.com,2023-05-19 00:00:00,1671,Female,24
902,amityadav73,amityadav73@gmail.com,2023-03-16 00:00:00,610,Male,21
903,nehachauhan87,nehachauhan87@gmail.com,2023-05-01 00:00:00,475,Female,28
904,deepakgupta13,deepakgupta13@gmail.com,2023-10-04 00:00:00,1602,Female,29
905,ankitjain80,ankitjain80@gmail.com,2023-01-16 00:00:00,1891,Male,15
906,priyasharma74,priyasharma74@gmail.com,2023-08-22 00:00:00,749,Male,20
907,arjunpatel50,arjunpatel50@gmail.com,2023-05-23 00:00:00,1996,Male,20
908,ankitjain41,ankitjain41@gmail.com,2023-03-26 00:00:00,1615,Male,25
909,vikaschauhan75,vikaschauhan75@gmail.com,2023-10-15 00:00:00,1008,Male,17
910,ankitkumar77,ankitkumar77@gmail.com,2023-11-27 00:00:00,1982,Male,29
911,arjunchauhan92,arjunchauhan92@gmail.com,2023-09-27 00:00:00,2860,Female,24
912,arjunchauhan49,arjunchauhan49@gmail.com,2023-11-28 00:00:00,1487,Male,18
913,rohansharma56,rohansharma56@gmail.com,2023-06-23 00:00:00,2802,Male,19
914,vikassingh32,vikassingh32@gmail.com,2023-07-08 00:00:00,686,Female,17
915,priyasharma61,priyasharma61@gmail.com,2023-08-17 00:00:00,1926,Male,19
916,vikaspatel97,vikaspatel97@gmail.com,2023-07-19 00:00:00,2649,Female,21
917,nishasharma96,nishasharma96@gmail.com,2023-03-07 00:00:00,1496,Male,16
918,poojapatel13,poojapatel13@gmail.com,2023-08-23 00:00:00,2962,Female,19
919,rahulthakur92,rahulthakur92@gmail.com,2023-02-22 00:00:00,1149,Male,24
920,arjunthakur39,arjunthakur39@gmail.com,2023-11-06 00:00:00,2791,Female,17
921,poojayadav44,poojayadav44@gmail.com,2023-08-27 00:00:00,1285,Male,21
922,shivjain37,shivjain37@gmail.com,2023-07-19 00:00:00,2340,Male,25
923,shivgupta52,shivgupta52@gmail.com,2023-11-19 00:00:00,998,Male,19
924,nishapatel89,nishapatel89@gmail.com,2023-02-10 00:00:00,1762,Male,15
925,ankityadav17,ankityadav17@gmail.com,2023-08-04 00:00:00,2834,Male,18
926,vikasthakur36,vikasthakur36@gmail.com,2023-05-11 00:00:00,1641,Male,19
927,deepakpatel34,deepakpatel34@gmail.com,2023-09-04 00:00:00,343,Male,28
928,vikassharma97,vikassharma97@gmail.com,2023-07-12 00:00:00,372,Male,24
929,priyapatel94,priyapatel94@gmail.com,2023-07-11 00:00:00,1788,Male,34
930,rohanyadav12,rohanyadav12@gmail.com,2023-06-18 00:00:00,2930,Female,18
931,deepakyadav85,deepakyadav85@gmail.com,2023-04-18 00:00:00,296,Female,24
932,shivsharma96,shivsharma96@gmail.com,2023-03-13 00:00:00,2333,Male,15
933,vikasthakur54,vikasthakur54@gmail.com,2023-11-20 00:00:00,2821,Female,25
934,ankitgupta29,ankitgupta29@gmail.com,2023-04-10 00:00:00,2644,Male,18
935,nehasingh84,nehasingh84@gmail.com,2023-10-18 00:00:00,2097,Female,38
936,priyapatel59,priyapatel59@gmail.com,2023-04-02 00:00:00,1184,Male,18
937,ravikumar83,ravikumar83@gmail.com,2023-03-25 00:00:00,991,Male,20
938,nehagupta64,nehagupta64@gmail.com,2023-05-08 00:00:00,1062,Male,16
939,poojajain63,poojajain63@gmail.com,2023-06-16 00:00:00,2861,Male,15
940,ankitverma10,ankitverma10@gmail.com,2023-11-26 00:00:00,2647,Male,17
941,ankitkumar68,ankitkumar68@gmail.com,2023-12-17 00:00:00,2400,Male,15
942,poojayadav58,poojayadav58@gmail.com,2023-12-09 00:00:00,2102,Female,25
943,arjunyadav86,arjunyadav86@gmail.com,2023-12-06 00:00:00,1172,Female,17
944,rohanthakur59,rohanthakur59@gmail.com,2023-07-26 00:00:00,1799,Male,23
945,nishasharma75,nishasharma75@gmail.com,2023-06-18 00:00:00,2066,Male,15
946,amitverma10,amitverma10@gmail.com,2023-09-21 00:00:00,2749,Male,16
947,rohanchauhan98,rohanchauhan98@gmail.com,2023-11-10 00:00:00,2366,Female,19
948,rahulchauhan87,rahulchauhan87@gmail.com,2023-06-05 00:00:00,2877,Male,17
949,vikaspatel84,vikaspatel84@gmail.com,2023-06-23 00:00:00,1953,Male,23
950,ravichauhan92,ravichauhan92@gmail.com,2023-04-28 00:00:00,286,Female,23
951,shivverma16,shivverma16@gmail.com,2023-02-20 00:00:00,2178,Male,15
952,arjunsingh45,arjunsingh45@gmail.com,2023-10-17 00:00:00,2256,Male,15
953,nehathakur33,nehathakur33@gmail.com,2023-12-01 00:00:00,2633,Female,40
954,rahulchauhan31,rahulchauhan31@gmail.com,2023-05-05 00:00:00,2061,Female,15
955,deepakjain21,deepakjain21@gmail.com,2023-01-19 00:00:00,1388,Male,17
956,nishapatel15,nishapatel15@gmail.com,2023-02-02 00:00:00,2264,Female,21
957,poojasingh82,poojasingh82@gmail.com,2023-05-12 00:00:00,2353,Male,24
958,nehakumar58,nehakumar58@gmail.com,2023-10-23 00:00:00,521,Male,23
959,nehathakur23,nehathakur23@gmail.com,2023-01-23 00:00:00,1028,Female,17
960,priyapatel79,priyapatel79@gmail.com,2023-06-15 00:00:00,2611,Female,15
961,shivgupta79,shivgupta79@gmail.com,2023-12-19 00:00:00,2323,Male,15
962,shivkumar56,shivkumar56@gmail.com,2023-08-27 00:00:00,2541,Male,23
963,arjunpatel25,arjunpatel25@gmail.com,2023-09-10 00:00:00,1907,Female,22
964,poojasingh53,poojasingh53@gmail.com,2023-03-04 00:00:00,1305,Male,15
965,ankitgupta38,ankitgupta38@gmail.com,2023-06-03 00:00:00,423,Female,19
966,nehathakur47,nehathakur47@gmail.com,2023-10-15 00:00:00,420,Male,17
967,shivsharma99,shivsharma99@gmail.com,2023-10-21 00:00:00,2302,Female,25
968,vikasyadav37,vikasyadav37@gmail.com,2023-11-02 00:00:00,378,Male,18
969,nehapatel54,nehapatel54@gmail.com,2023-07-09 00:00:00,583,Male,21
970,poojakumar85,poojakumar85@gmail.com,2023-01-12 00:00:00,448,Female,18
971,rahuljain33,rahuljain33@gmail.com,2023-10-17 00:00:00,1118,Male,16
972,vikasthakur40,vikasthakur40@gmail.com,2023-03-14 00:00:00,289,Male,15
973,rohanverma35,rohanverma35@gmail.com,2023-02-28 00:00:00,350,Male,18
974,amitsingh74,amitsingh74@gmail.com,2023-07-04 00:00:00,754,Male,17
975,amitgupta59,amitgupta59@gmail.com,2023-04-12 00:00:00,2309,Female,22
976,amitthakur63,amitthakur63@gmail.com,2023-06-14 00:00:00,2103,Male,17
977,amitverma10,amitverma10@gmail.com,2023-09-23 00:00:00,1265,Male,17
978,arjunsingh66,arjunsingh66@gmail.com,2023-01-24 00:00:00,2574,Male,25
979,ravikumar99,ravikumar99@gmail.com,2023-09-25 00:00:00,1800,Male,16
980,priyasharma98,priyasharma98@gmail.com,2023-04-09 00:00:00,1195,Male,15
981,vikassingh63,vikassingh63@gmail.com,2023-10-13 00:00:00,1499,Male,20
982,rohanchauhan80,rohanchauhan80@gmail.com,2023-12-01 00:00:00,2552,Male,23
983,nehayadav53,nehayadav53@gmail.com,2023-03-24 00:00:00,356,Male,23
984,shivsharma25,shivsharma25@gmail.com,2023-01-08 00:00:00,714,Male,15
985,nehayadav13,nehayadav13@gmail.com,2023-11-25 00:00:00,2770,Male,23
986,priyagupta99,priyagupta99@gmail.com,2023-01-14 00:00:00,297,Female,16
987,nehapatel30,nehapatel30@gmail.com,2023-05-19 00:00:00,2372,Male,21
988,rahulsingh75,rahulsingh75@gmail.com,2023-11-13 00:00:00,2232,Male,23
989,nehapatel23,nehapatel23@gmail.com,2023-04-16 00:00:00,242,Male,15
990,poojasharma40,poojasharma40@gmail.com,2023-02-27 00:00:00,514,Male,21
991,deepakkumar61,deepakkumar61@gmail.com,2023-09-09 00:00:00,1304,Female,25
992,rahulyadav63,rahulyadav63@gmail.com,2023-10-15 00:00:00,1642,Female,19
993,vikassharma43,vikassharma43@gmail.com,2023-08-03 00:00:00,646,Male,22
994,ravisingh88,ravisingh88@gmail.com,2023-02-18 00:00:00,2125,Male,32
995,arjunsharma87,arjunsharma87@gmail.com,2023-09-08 00:00:00,2706,Female,17
996,rahulchauhan96,rahulchauhan96@gmail.com,2023-04-21 00:00:00,2348,Male,23
997,priyajain30,priyajain30@gmail.com,2023-03-09 00:00:00,1368,Male,22
998,rohansharma76,rohansharma76@gmail.com,2023-02-25 00:00:00,2979,Male,19
999,priyasingh72,priyasingh72@gmail.com,2023-09-10 00:00:00,2941,Male,32
1000,shivchauhan67,shivchauhan67@gmail.com,2023-10-02 00:00:00,1786,Male,20
